[{"model": "puntos.tipopunto", "pk": 1, "fields": {"descripcion": "Tipo de punto 1"}}, {"model": "puntos.partecuerpo", "pk": 1, "fields": {"nombre": "Corazon"}}, {"model": "puntos.canalacupuntura", "pk": 1, "fields": {"cvecanal": "P", "nomcanal": "PULMÓN", "trayecto": "trayecto", "nomchino": "漢語", "traduccion": "traduccion del chino", "numtotalpuntos": "12", "bandactivo": true, "datelastupdate": "2023-10-17T23:59:11.950Z"}}, {"model": "puntos.canalacupuntura", "pk": 2, "fields": {"cvecanal": "IG", "nomcanal": "INTESTINO GRUESO", "trayecto": "trayecto", "nomchino": "asdas", "traduccion": "asdas", "numtotalpuntos": "23", "bandactivo": true, "datelastupdate": "2023-11-21T21:33:13.526Z"}}, {"model": "puntos.canalacupuntura", "pk": 3, "fields": {"cvecanal": "E", "nomcanal": "ESTÓMAGO", "trayecto": "S", "nomchino": "S", "traduccion": "S", "numtotalpuntos": "1", "bandactivo": true, "datelastupdate": "2024-02-07T22:50:54.769Z"}}, {"model": "puntos.canalacupuntura", "pk": 4, "fields": {"cvecanal": "BP", "nomcanal": "BAZO-PÁNCREAS", "trayecto": "Trayecto", "nomchino": "nombre chino", "traduccion": "traduccion", "numtotalpuntos": "num", "bandactivo": true, "datelastupdate": "2024-02-08T01:06:26.333Z"}}, {"model": "puntos.enfermedad", "pk": 1, "fields": {"cveenfermedad": "e1", "nomenfermedad": "ASMA", "bandactivo": true, "datelastupdate": "2023-10-17T23:59:29.911Z"}}, {"model": "puntos.enfermedad", "pk": 2, "fields": {"cveenfermedad": "e2", "nomenfermedad": "BRONQUITIS", "bandactivo": true, "datelastupdate": "2023-11-22T00:22:11.106Z"}}, {"model": "puntos.enfermedad", "pk": 3, "fields": {"cveenfermedad": "e3", "nomenfermedad": "NEUMONÍA", "bandactivo": true, "datelastupdate": "2024-02-07T23:06:30.646Z"}}, {"model": "puntos.enfermedad", "pk": 4, "fields": {"cveenfermedad": "e4", "nomenfermedad": "ASMA, CON ENERGÍA CONTRARIA QUE NO PERMITE QUE SE ACUESTE EL PACIENTE", "bandactivo": true, "datelastupdate": "2024-02-07T23:07:11.292Z"}}, {"model": "puntos.enfermedad", "pk": 5, "fields": {"cveenfermedad": "e5", "nomenfermedad": "DEPRESIÓN", "bandactivo": true, "datelastupdate": "2024-02-07T23:07:27.200Z"}}, {"model": "puntos.enfermedad", "pk": 6, "fields": {"cveenfermedad": "e6", "nomenfermedad": "HIPERSOMNIA", "bandactivo": true, "datelastupdate": "2024-02-07T23:07:36.121Z"}}, {"model": "puntos.sintoma", "pk": 1, "fields": {"sintoma": "DIFICULTAD PARA RESPIRAR", "bandactivo": true, "datelastupdate": "2024-02-08T01:19:38.351Z"}}, {"model": "puntos.sintoma", "pk": 2, "fields": {"sintoma": "DOLOR DE PECHO", "bandactivo": true, "datelastupdate": "2024-02-08T01:20:17.806Z"}}, {"model": "puntos.sintoma", "pk": 3, "fields": {"sintoma": "DOLOR DE HOMBRO Y ESPALDA", "bandactivo": true, "datelastupdate": "2024-02-08T01:20:23.518Z"}}, {"model": "puntos.sintoma", "pk": 4, "fields": {"sintoma": "HIPO", "bandactivo": true, "datelastupdate": "2024-02-08T01:20:30.882Z"}}, {"model": "puntos.sintoma", "pk": 5, "fields": {"sintoma": "NAUSEAS", "bandactivo": true, "datelastupdate": "2024-02-08T01:20:36.584Z"}}, {"model": "puntos.sintoma", "pk": 6, "fields": {"sintoma": "OBSTRUCCIÓN NASAL", "bandactivo": true, "datelastupdate": "2024-02-08T01:20:44.664Z"}}, {"model": "puntos.sintoma", "pk": 7, "fields": {"sintoma": "PLENITUD EN EL PECHO", "bandactivo": true, "datelastupdate": "2024-02-08T01:20:49.837Z"}}, {"model": "puntos.sintoma", "pk": 8, "fields": {"sintoma": "TOS", "bandactivo": true, "datelastupdate": "2024-02-08T01:20:55.015Z"}}, {"model": "puntos.sintoma", "pk": 9, "fields": {"sintoma": "DOLOR EN EL HOMBRO", "bandactivo": true, "datelastupdate": "2024-02-08T01:21:01.004Z"}}, {"model": "puntos.sintoma", "pk": 10, "fields": {"sintoma": "DOLOR EN EL BRAZO", "bandactivo": true, "datelastupdate": "2024-02-08T01:21:07.560Z"}}, {"model": "puntos.sintoma", "pk": 11, "fields": {"sintoma": "CONFUSIÓN MENTAL Y MALA MEMORIA", "bandactivo": true, "datelastupdate": "2024-02-08T01:21:14.060Z"}}, {"model": "puntos.sintoma", "pk": 12, "fields": {"sintoma": "CUERPO PESADO", "bandactivo": true, "datelastupdate": "2024-02-08T01:21:20.006Z"}}, {"model": "puntos.sintoma", "pk": 13, "fields": {"sintoma": "DOLOR EN EL LADO MEDIAL DE LA PARTE SUPERIOR DEL BRAZO", "bandactivo": true, "datelastupdate": "2024-02-08T01:21:25.221Z"}}, {"model": "puntos.sintoma", "pk": 14, "fields": {"sintoma": "EN TODAS LAS FORMAS DE SUDORACIÓN", "bandactivo": true, "datelastupdate": "2024-02-08T01:21:31.298Z"}}, {"model": "puntos.sintoma", "pk": 15, "fields": {"sintoma": "EPISTAXIS", "bandactivo": true, "datelastupdate": "2024-02-08T01:21:43.330Z"}}, {"model": "puntos.sintoma", "pk": 16, "fields": {"sintoma": "FALTA DE MEMORIA", "bandactivo": true, "datelastupdate": "2024-02-08T01:21:49.298Z"}}, {"model": "puntos.sintoma", "pk": 17, "fields": {"sintoma": "FATIGA", "bandactivo": true, "datelastupdate": "2024-02-08T01:21:54.772Z"}}, {"model": "puntos.sintoma", "pk": 18, "fields": {"sintoma": "OPRESIÓN EN EL PECHO", "bandactivo": true, "datelastupdate": "2024-02-08T01:22:00.050Z"}}, {"model": "puntos.sintoma", "pk": 19, "fields": {"sintoma": "TOS CON ESPUTO SANGUINOLENTO", "bandactivo": true, "datelastupdate": "2024-02-08T01:22:05.537Z"}}, {"model": "puntos.sintoma", "pk": 20, "fields": {"sintoma": "TOS CON ENERGÍA ASCENDENTE", "bandactivo": true, "datelastupdate": "2024-02-08T01:22:11.035Z"}}, {"model": "puntos.puntoacupuntura", "pk": 1, "fields": {"cvepunto": "P1", "nompunto": "zhōng – fǔ", "nomchino": "中 - 府", "cvecanal": 1, "bandactivo": true, "datelastupdate": "2023-10-18T00:51:41.698Z"}}, {"model": "puntos.puntoacupuntura", "pk": 2, "fields": {"cvepunto": "P2", "nompunto": "yún – mén", "nomchino": "云 - 门", "cvecanal": 2, "bandactivo": true, "datelastupdate": "2023-11-23T15:38:54.822Z"}}, {"model": "puntos.puntoacupuntura", "pk": 3, "fields": {"cvepunto": "P3", "nompunto": "tiān - fǔ", "nomchino": "天  府", "cvecanal": 1, "bandactivo": true, "datelastupdate": "2023-11-29T00:05:06.342Z"}}, {"model": "puntos.puntocaracteristicas", "pk": 1, "fields": {"cvepunto": 1, "desccaracteristicas": "<p><span style=\"color:#000000\">Desciende la energ&iacute;a<br />\r\nDispersa el Exceso en el pecho y alivia el dolor<br />\r\nEleva la energ&iacute;a<br />\r\nEs el Qi central que reside en el pecho<br />\r\nEstimula el descenso del Qi del Pulm&oacute;n<br />\r\nGu&iacute;a la energ&iacute;a<br />\r\nHace circular la energ&iacute;a<br />\r\nRegula el Qi del Pulm&oacute;n y detiene la tos</span></p>", "bandactivo": true, "datelastupdate": "2023-11-21T23:11:43.821Z"}}, {"model": "puntos.puntocaracteristicas", "pk": 2, "fields": {"cvepunto": 2, "desccaracteristicas": "<p><span style=\"color:#000000\">Calma la tristeza<br />\r\nDespeja el Calor de Pulm&oacute;n<br />\r\nDispersa la plenitud en el pecho<br />\r\nDrena el Calor en las extremidades<br />\r\nEstimula el descenso del Qi del Pulm&oacute;n<br />\r\nLibera la plenitud en el pecho.<br />\r\nRegula el Qi del Pulm&oacute;n<br />\r\nTransforma la Flema</span></p>", "bandactivo": true, "datelastupdate": "2023-11-23T16:33:50.439Z"}}, {"model": "puntos.puntocaracteristicas", "pk": 3, "fields": {"cvepunto": 2, "desccaracteristicas": "", "bandactivo": true, "datelastupdate": "2023-11-23T16:34:17.189Z"}}, {"model": "puntos.puntocaracteristicas", "pk": 4, "fields": {"cvepunto": 3, "desccaracteristicas": "<p><span style=\"color:#000000\">Armoniza el H&iacute;gado y el Pulm&oacute;n,<br />\r\nDespeja Calor de Pulm&oacute;n<br />\r\nDisipa la Humedad.<br />\r\nEnfr&iacute;a la Sangre<br />\r\nExpulsa el Viento<br />\r\nRegula el Qi del Pulm&oacute;n<br />\r\nTransforma la Flema</span><br />\r\n&nbsp;</p>", "bandactivo": true, "datelastupdate": "2024-02-07T23:04:25.241Z"}}, {"model": "puntos.puntodocumentos", "pk": 1, "fields": {"cvepunto": 1, "ligadocumento": "documentos_puntos/ejercicio25_zn9YRz3.py", "bandactivo": true, "datelastupdate": "2023-11-21T23:11:03.690Z"}}, {"model": "puntos.puntodocumentos", "pk": 2, "fields": {"cvepunto": 1, "ligadocumento": "", "bandactivo": true, "datelastupdate": "2023-11-21T23:11:03.690Z"}}, {"model": "puntos.puntodocumentos", "pk": 3, "fields": {"cvepunto": 1, "ligadocumento": "", "bandactivo": true, "datelastupdate": "2023-11-21T23:11:43.806Z"}}, {"model": "puntos.puntodocumentos", "pk": 4, "fields": {"cvepunto": 1, "ligadocumento": "", "bandactivo": true, "datelastupdate": "2023-11-21T23:11:43.806Z"}}, {"model": "puntos.puntodocumentos", "pk": 5, "fields": {"cvepunto": 2, "ligadocumento": "", "bandactivo": true, "datelastupdate": "2023-11-23T16:33:50.429Z"}}, {"model": "puntos.puntodocumentos", "pk": 6, "fields": {"cvepunto": 2, "ligadocumento": "", "bandactivo": true, "datelastupdate": "2023-11-23T16:33:50.429Z"}}, {"model": "puntos.puntodocumentos", "pk": 7, "fields": {"cvepunto": 2, "ligadocumento": "", "bandactivo": true, "datelastupdate": "2023-11-23T16:33:50.429Z"}}, {"model": "puntos.puntodocumentos", "pk": 8, "fields": {"cvepunto": 2, "ligadocumento": "", "bandactivo": true, "datelastupdate": "2023-11-23T16:34:17.183Z"}}, {"model": "puntos.puntodocumentos", "pk": 9, "fields": {"cvepunto": 2, "ligadocumento": "", "bandactivo": true, "datelastupdate": "2023-11-23T16:34:17.183Z"}}, {"model": "puntos.puntodocumentos", "pk": 10, "fields": {"cvepunto": 2, "ligadocumento": "", "bandactivo": true, "datelastupdate": "2023-11-23T16:34:17.183Z"}}, {"model": "puntos.puntodocumentos", "pk": 11, "fields": {"cvepunto": 3, "ligadocumento": "", "bandactivo": true, "datelastupdate": "2024-02-07T23:04:25.233Z"}}, {"model": "puntos.puntodocumentos", "pk": 12, "fields": {"cvepunto": 3, "ligadocumento": "", "bandactivo": true, "datelastupdate": "2024-02-07T23:04:25.233Z"}}, {"model": "puntos.puntodocumentos", "pk": 13, "fields": {"cvepunto": 3, "ligadocumento": "", "bandactivo": true, "datelastupdate": "2024-02-07T23:04:25.233Z"}}, {"model": "puntos.puntodocumentos", "pk": 14, "fields": {"cvepunto": 3, "ligadocumento": "", "bandactivo": true, "datelastupdate": "2024-02-07T23:05:03.114Z"}}, {"model": "puntos.puntoenfermedad", "pk": 1, "fields": {"cvepunto": 1, "cveenfermedad": 1, "bandactivo": true, "datelastupdate": "2023-11-21T23:11:43.830Z"}}, {"model": "puntos.puntoenfermedad", "pk": 2, "fields": {"cvepunto": 1, "cveenfermedad": 2, "bandactivo": true, "datelastupdate": "2023-11-21T23:49:47.268Z"}}, {"model": "puntos.puntoenfermedad", "pk": 3, "fields": {"cvepunto": 1, "cveenfermedad": 3, "bandactivo": true, "datelastupdate": "2023-11-21T23:49:47.268Z"}}, {"model": "puntos.puntoenfermedad", "pk": 12, "fields": {"cvepunto": 2, "cveenfermedad": 1, "bandactivo": true, "datelastupdate": "2023-12-06T00:16:45.301Z"}}, {"model": "puntos.puntoenfermedad", "pk": 13, "fields": {"cvepunto": 2, "cveenfermedad": 2, "bandactivo": true, "datelastupdate": "2023-12-06T00:16:45.301Z"}}, {"model": "puntos.puntoenfermedad", "pk": 14, "fields": {"cvepunto": 3, "cveenfermedad": 4, "bandactivo": true, "datelastupdate": "2024-02-07T23:07:57.329Z"}}, {"model": "puntos.puntoenfermedad", "pk": 15, "fields": {"cvepunto": 3, "cveenfermedad": 6, "bandactivo": true, "datelastupdate": "2024-02-07T23:07:57.329Z"}}, {"model": "puntos.puntoenfermedad", "pk": 16, "fields": {"cvepunto": 2, "cveenfermedad": 3, "bandactivo": true, "datelastupdate": "2024-02-08T01:39:31.101Z"}}, {"model": "puntos.puntoimagenes", "pk": 1, "fields": {"cvepunto": 1, "ligaimagen": "", "bandactivo": true, "datelastupdate": "2023-11-21T23:11:03.677Z"}}, {"model": "puntos.puntoimagenes", "pk": 2, "fields": {"cvepunto": 1, "ligaimagen": "", "bandactivo": true, "datelastupdate": "2023-11-21T23:11:03.677Z"}}, {"model": "puntos.puntoimagenes", "pk": 3, "fields": {"cvepunto": 1, "ligaimagen": "", "bandactivo": true, "datelastupdate": "2023-11-21T23:11:43.793Z"}}, {"model": "puntos.puntoimagenes", "pk": 4, "fields": {"cvepunto": 1, "ligaimagen": "", "bandactivo": true, "datelastupdate": "2023-11-21T23:11:43.793Z"}}, {"model": "puntos.puntoimagenes", "pk": 5, "fields": {"cvepunto": 2, "ligaimagen": "images_puntos/git_cheatsheet.webp", "bandactivo": true, "datelastupdate": "2023-11-23T15:52:02.490Z"}}, {"model": "puntos.puntoimagenes", "pk": 6, "fields": {"cvepunto": 2, "ligaimagen": "images_puntos/4121215.jpg", "bandactivo": true, "datelastupdate": "2023-11-23T15:52:53.486Z"}}, {"model": "puntos.puntoimagenes", "pk": 7, "fields": {"cvepunto": 2, "ligaimagen": "images_puntos/momo_x1GVfAi.jpg", "bandactivo": true, "datelastupdate": "2023-11-23T15:52:53.486Z"}}, {"model": "puntos.puntoimagenes", "pk": 8, "fields": {"cvepunto": 2, "ligaimagen": "", "bandactivo": true, "datelastupdate": "2023-11-23T16:33:50.424Z"}}, {"model": "puntos.puntoimagenes", "pk": 9, "fields": {"cvepunto": 2, "ligaimagen": "", "bandactivo": true, "datelastupdate": "2023-11-23T16:34:17.179Z"}}, {"model": "puntos.puntoimagenes", "pk": 10, "fields": {"cvepunto": 3, "ligaimagen": "", "bandactivo": true, "datelastupdate": "2024-02-07T23:04:25.227Z"}}, {"model": "puntos.puntoimagenes", "pk": 11, "fields": {"cvepunto": 3, "ligaimagen": "", "bandactivo": true, "datelastupdate": "2024-02-07T23:04:25.227Z"}}, {"model": "puntos.puntoimagenes", "pk": 12, "fields": {"cvepunto": 3, "ligaimagen": "", "bandactivo": true, "datelastupdate": "2024-02-07T23:04:25.227Z"}}, {"model": "puntos.puntoimagenes", "pk": 13, "fields": {"cvepunto": 3, "ligaimagen": "", "bandactivo": true, "datelastupdate": "2024-02-07T23:05:03.103Z"}}, {"model": "puntos.puntoimagenlocalizacion", "pk": 1, "fields": {"cvepunto": 1, "ligaimagen": "", "bandactivo": true, "datelastupdate": "2023-11-21T23:49:47.299Z"}}, {"model": "puntos.puntoimagenlocalizacion", "pk": 2, "fields": {"cvepunto": 1, "ligaimagen": "", "bandactivo": true, "datelastupdate": "2023-11-21T23:49:47.299Z"}}, {"model": "puntos.puntoimagenlocalizacion", "pk": 3, "fields": {"cvepunto": 1, "ligaimagen": "", "bandactivo": true, "datelastupdate": "2023-11-21T23:51:46.202Z"}}, {"model": "puntos.puntoimagenlocalizacion", "pk": 4, "fields": {"cvepunto": 1, "ligaimagen": "", "bandactivo": true, "datelastupdate": "2023-11-21T23:51:46.202Z"}}, {"model": "puntos.puntoimagenlocalizacion", "pk": 5, "fields": {"cvepunto": 2, "ligaimagen": "", "bandactivo": true, "datelastupdate": "2023-11-23T16:34:17.196Z"}}, {"model": "puntos.puntoimagenlocalizacion", "pk": 6, "fields": {"cvepunto": 2, "ligaimagen": "", "bandactivo": true, "datelastupdate": "2023-11-23T16:34:17.196Z"}}, {"model": "puntos.puntoimagenlocalizacion", "pk": 7, "fields": {"cvepunto": 2, "ligaimagen": "", "bandactivo": true, "datelastupdate": "2023-11-23T16:34:17.196Z"}}, {"model": "puntos.puntoimagenlocalizacion", "pk": 8, "fields": {"cvepunto": 2, "ligaimagen": "", "bandactivo": true, "datelastupdate": "2023-11-23T16:43:05.119Z"}}, {"model": "puntos.puntoimagenlocalizacion", "pk": 9, "fields": {"cvepunto": 3, "ligaimagen": "", "bandactivo": true, "datelastupdate": "2024-02-07T23:04:25.248Z"}}, {"model": "puntos.puntoimagenlocalizacion", "pk": 10, "fields": {"cvepunto": 3, "ligaimagen": "", "bandactivo": true, "datelastupdate": "2024-02-07T23:04:25.248Z"}}, {"model": "puntos.puntoimagenlocalizacion", "pk": 11, "fields": {"cvepunto": 3, "ligaimagen": "", "bandactivo": true, "datelastupdate": "2024-02-07T23:04:25.248Z"}}, {"model": "puntos.puntoimagenlocalizacion", "pk": 12, "fields": {"cvepunto": 3, "ligaimagen": "", "bandactivo": true, "datelastupdate": "2024-02-07T23:05:03.125Z"}}, {"model": "puntos.puntolocalizacion", "pk": 1, "fields": {"cvepunto": 1, "desclocalizacion": "<p><span style=\"color:#000000\">A 6 c&ugrave;n lateral del canal R&eacute;n y un c&ugrave;n directamente debajo del punto P2<br />\r\n<br />\r\nTambi&eacute;n se coloca la mano sobre el hombro en forma de concha, y donde caiga el dedo gordo ah&iacute; es el punto exacto.<br />\r\nEl punto est&aacute; en la cercan&iacute;a de la arteria y la vena axilar<br />\r\n<br />\r\nLa arteria y la vena acromial hacen contacto con el nervio intermedio Supraclavicular<br />\r\nLa rama del nervio tor&aacute;cico anterior y la rama cut&aacute;nea lateral del nervio del primer espacio intercostal<br />\r\n<br />\r\nEl punto est&aacute; en el m&uacute;sculo pectoral mayor<br />\r\nEl canal - tai yin de la mano es el Pulm&oacute;n<br />\r\n<br />\r\nEl car&aacute;cter fǔ significa reunir, es la reuni&oacute;n de la energ&iacute;a del Bazo y del Pulm&oacute;n que va hacia este punto,<br />\r\n<br />\r\nEl canal tai yin de la mano es el Pulm&oacute;n que se origina en el calentador medio, se le llama zhōng &ndash; fǔ<br />\r\n<br />\r\nEl sitio de reuni&oacute;n es el fǔ (reuni&oacute;n) y es el almac&eacute;n,<br />\r\n<br />\r\nPor eso el punto re&uacute;ne recogiendo la energ&iacute;a del Pulm&oacute;n, es el sitio de reuni&oacute;n de la energ&iacute;a de los canal tai yin del pie y de la mano,<br />\r\n<br />\r\nAl punzar este punto (P1), hace que la energ&iacute;a se obtenga y si est&aacute; arriba, desciende y se favorece la funci&oacute;n<br />\r\n<br />\r\nDe acuerdo a la acupuntura, todos los tratamientos consisten en la regulaci&oacute;n de la energ&iacute;a<br />\r\n<br />\r\nAl introducirse la aguja se tiene una sensaci&oacute;n llamada Qi, para obtener la energ&iacute;a Al fǔ tambi&eacute;n se le ha llamado al T&oacute;rax, por eso es el centro del t&oacute;rax<br />\r\n<br />\r\nEl punto zhōng &ndash; fǔ del canal del Pulm&oacute;n recibe la energ&iacute;a que viene del Intestino Grueso, del Calentador Medio, y la energ&iacute;a central se re&uacute;ne en este punto,<br />\r\n<br />\r\nzhōng central, se refiere a la energ&iacute;a central, que proviene del cielo y de la tierra, por lo que se refiere al Calentador Central, adem&aacute;s es el centro del t&oacute;rax y el fu<br />\r\n<br />\r\nPunto que aclara el calentador superior,<br />\r\n<br />\r\nEste punto se utiliza esencialmente en los s&iacute;ndromes de Excesos agudos, para aclarar el Calor del Pulm&oacute;n y la esencia de opresi&oacute;n en el pecho.<br />\r\n<br />\r\nAs&iacute;, se utilizar&iacute;a frecuentemente en las &uacute;ltimas etapas de la invasi&oacute;n del Pulm&oacute;n por un factor pat&oacute;geno externo, cuando este &uacute;ltimo ha penetrado hacia el interior.<br />\r\n<br />\r\nEste punto no se utiliza generalmente cuando el factor pat&oacute;geno est&aacute; todav&iacute;a en el exterior<br />\r\n<br />\r\nEsto explica porque este punto no est&aacute; indicado para tratar dolores de garganta debido a una invasi&oacute;n de Viento-Calor externo.<br />\r\n<br />\r\nSin embargo, como tiene un buen efecto al hacer descender el Qi del Pulm&oacute;n y calmar la tos, se le puede utilizar en los inicios de una invasi&oacute;n por un factor pat&oacute;geno externo<br />\r\n<br />\r\nEs un punto muy importante para el tratamiento de la tosferina en su segunda fase<br />\r\n<br />\r\nTambi&eacute;n es eficaz para tratar los dolores de pecho que son debidos a una estasis de sangre del Coraz&oacute;n,<br />\r\n<br />\r\nzhōng &ndash; fǔ puede hacer circular el Qi del Pulm&oacute;n, y ayudar as&iacute; a que circule la Sangre en el pecho, disolver la Flema acumulada haciendo circular el Qi en el pecho<br />\r\n<br />\r\nP1 es eficaz en caso de dolores en el hombro y parte superior de la espalda que provienen de un desequilibrio en el canal del Pulm&oacute;n<br />\r\n<br />\r\nPor ejemplo Calor del Pulm&oacute;n, Humedad-Flema, o Calor-Flema que obstruye al Pulm&oacute;n.</span><br />\r\n<br />\r\n&nbsp;</p>", "bandactivo": true, "datelastupdate": "2023-11-21T23:49:47.310Z"}}, {"model": "puntos.puntolocalizacion", "pk": 9, "fields": {"cvepunto": 3, "desclocalizacion": "<p><span style=\"color:#000000\">Sobre la parte interna del brazo, a 3 cun debajo del pliegue axilar del lado radial del b&iacute;ceps braquial, o a 6 cun arriba de P5.<br />\r\n<br />\r\nAqu&iacute; est&aacute; la vena cef&aacute;lica<br />\r\nLa rama muscular de la arteria<br />\r\nLa vena braquial<br />\r\nEl nervio cut&aacute;neo y la parte externa braquial por donde pasa el nervio m&uacute;sculo cut&aacute;neo de la axila al pliegue del codo<br />\r\n<br />\r\nEl Pulm&oacute;n es la cubierta de arriba;<br />\r\nes el &oacute;rgano que se re&uacute;ne con el cielo<br />\r\n<br />\r\nLa energ&iacute;a del Pulm&oacute;n regresa y va hacia el punto,<br />\r\n<br />\r\ntiān Para&iacute;so; cielo; naturaleza.<br />\r\nEl cielo se refiere a la parte superior del cuerpo.<br />\r\n<br />\r\nfǔ Mansi&oacute;n; palacio.<br />\r\nEl Qi se almacena en el Pulm&oacute;n<br />\r\n<br />\r\ntiān &ndash; fǔ est&aacute; a nivel similar del hombro<br />\r\n<br />\r\nYun Men (P2) &ldquo;es la energ&iacute;a de las nubes&rdquo;<br />\r\n<br />\r\ntiān &ndash; fǔ es el sitio donde se acumula, es la imagen del cielo,<br />\r\n<br />\r\nSu agujero del Pulm&oacute;n se abre en la nariz<br />\r\n<br />\r\nB&aacute;sicamente el punto llega hasta el Yun Men (P2) por lo que puede comunicar la energ&iacute;a del pulm&oacute;n y sale hasta la reuni&oacute;n con la energ&iacute;a, circulando hasta los m&uacute;sculos, poros, y alrededor de todo el cuerpo;<br />\r\n<br />\r\nEl Pulm&oacute;n reside en la parte m&aacute;s alta de las estructuras<br />\r\n<br />\r\nEste punto tonifica a la energ&iacute;a que se ha agotado; haci&eacute;ndose como la nube que se acumula en el centro<br />\r\n<br />\r\nEs apropiado utilizar este punto en s&iacute;ntomas de debilidad donde no se puede captar la energ&iacute;a,<br />\r\nA juzgar de todos estos s&iacute;ntomas, todos son formas correspondientes a la energ&iacute;a que no se recibe en el centro, por lo que es apropiado utilizarlo, y as&iacute; acumular energ&iacute;a en el centro,<br />\r\n<br />\r\nEl punto tiān &ndash; fǔ (P3), se encuentra en el brazo, y al brazo tambi&eacute;n se le nombra cielo;<br />\r\n<br />\r\nEl cuerpo del hombre tiene 4 extremidades,<br />\r\nLa palma de las manos y la planta de los pies pueden tomar la tierra<br />\r\nLos brazos al subir hasta su extremo toman al cielo<br />\r\n<br />\r\nLa nariz comanda la respiraci&oacute;n, se tiene como el lugar del cielo</span><br />\r\n&nbsp;</p>", "bandactivo": true, "datelastupdate": "2024-02-07T23:04:25.257Z"}}, {"model": "puntos.puntolocalizacion", "pk": 13, "fields": {"cvepunto": 2, "desclocalizacion": "<p><span style=\"color:#000000\">En la depresi&oacute;n que esta por debajo de la extremidad acromio-clavicular, a 6 c&ugrave;n lateral (por fuera) del canal R&eacute;n.<br />\r\n<br />\r\nEl punto se encuentra por debajo de la clav&iacute;cula a 2 cun al lado del punto E12, aqu&iacute; esta la arteria que corresponde a la mano,<br />\r\n<br />\r\nAqu&iacute; pasan las venas cef&aacute;licas,<br />\r\nLas arterias y las venas acromiales<br />\r\nEn la parte inferior la arteria axilar,<br />\r\nEl nervio mediano (intermedio) y lateral supraclavicular<br />\r\nLa rama del nervio anterior tor&aacute;cico<br />\r\nY la rama lateral del plexo braquial<br />\r\n<br />\r\nEstimula el descenso del Qi del Pulm&oacute;n<br />\r\n<br />\r\nLas acciones energ&eacute;ticas de este punto son id&eacute;nticas a las de zhōng &ndash; fǔ P1, aunque menos fuertes<br />\r\n<br />\r\nAdem&aacute;s, se puede utilizar para problemas locales del canal como el s&iacute;ndrome de Obstrucci&oacute;n Dolorosa del hombro cuando la persona tiene problemas de aducci&oacute;n<br />\r\n<br />\r\ny&uacute;n (Nube) se refiera a la energ&iacute;a unida al cielo y de la tierra,<br />\r\n<br />\r\nm&eacute;n (puerta) es el lugar para pasar y salir o entrar, se refiere al lugar que es la puerta donde asciende y baja la energ&iacute;a del cielo y de la tierra,<br />\r\n<br />\r\nLos fluidos del Calentador Superior son descritos como neblina.<br />\r\nEl nombre se refiere a la funci&oacute;n humidificadora del Pulm&oacute;n.<br />\r\nLa puerta se refiere al lugar donde el Qi sale y entra.<br />\r\n<br />\r\nLos vasos del Pulm&oacute;n y sus colaterales se extienden como redes<br />\r\n<br />\r\nEn el centro del t&oacute;rax es donde se une la energ&iacute;a del cielo y la energ&iacute;a de la tierra. &ldquo;La energ&iacute;a del Bazo se distribuye en la esencia vital y sube y regresa al<br />\r\nPulm&oacute;n; </span></p>", "bandactivo": true, "datelastupdate": "2024-02-08T01:37:43.675Z"}}, {"model": "puntos.puntolocalizacion", "pk": 14, "fields": {"cvepunto": 2, "desclocalizacion": "", "bandactivo": true, "datelastupdate": "2024-02-08T01:37:43.675Z"}}, {"model": "puntos.puntolocalizacion", "pk": 15, "fields": {"cvepunto": 2, "desclocalizacion": "", "bandactivo": true, "datelastupdate": "2024-02-08T01:37:43.675Z"}}, {"model": "puntos.puntolocalizacion", "pk": 16, "fields": {"cvepunto": 2, "desclocalizacion": "", "bandactivo": true, "datelastupdate": "2024-02-08T01:38:10.015Z"}}, {"model": "puntos.puntolocalizacion", "pk": 17, "fields": {"cvepunto": 1, "desclocalizacion": "", "bandactivo": true, "datelastupdate": "2024-02-08T01:38:50.619Z"}}, {"model": "puntos.puntolocalizacion", "pk": 18, "fields": {"cvepunto": 1, "desclocalizacion": "", "bandactivo": true, "datelastupdate": "2024-02-08T01:38:50.619Z"}}, {"model": "puntos.puntolocalizacion", "pk": 19, "fields": {"cvepunto": 1, "desclocalizacion": "", "bandactivo": true, "datelastupdate": "2024-02-08T02:22:37.770Z"}}, {"model": "puntos.puntosignificado", "pk": 1, "fields": {"cvepunto": 1, "descsignificado": "<p><span style=\"color:#000000\">Recibir del centro<br />\r\nPunto de cruce con el canal del Bazo P&aacute;ncreas<br />\r\nPunto de Entrada de la energ&iacute;a del Pulm&oacute;n.<br />\r\nPunto frontal Mu- Alarma del Pulm&oacute;n</span></p>", "bandactivo": true, "datelastupdate": "2023-11-21T16:17:03Z"}}, {"model": "puntos.puntosignificado", "pk": 2, "fields": {"cvepunto": 2, "descsignificado": "<p><span style=\"color:#000000\">La puerta de las nubes</span></p>", "bandactivo": true, "datelastupdate": "2023-11-23T16:33:50.443Z"}}, {"model": "puntos.puntosignificado", "pk": 3, "fields": {"cvepunto": 2, "descsignificado": "", "bandactivo": true, "datelastupdate": "2023-11-23T16:34:17.193Z"}}, {"model": "puntos.puntosignificado", "pk": 4, "fields": {"cvepunto": 3, "descsignificado": "<p><span style=\"color:#000000\">Palacio celeste<br />\r\nPunto Ventana del Cielo </span></p>", "bandactivo": true, "datelastupdate": "2024-02-07T23:04:25.245Z"}}, {"model": "puntos.puntosintomatologia", "pk": 1, "fields": {"cvepunto": 1, "sintoma": 2, "bandactivo": true, "datelastupdate": "2024-02-10T02:33:16.323Z"}}, {"model": "puntos.puntosintomatologia", "pk": 2, "fields": {"cvepunto": 1, "sintoma": 1, "bandactivo": true, "datelastupdate": "2024-02-10T02:33:16.323Z"}}, {"model": "puntos.puntosintomatologia", "pk": 3, "fields": {"cvepunto": 1, "sintoma": null, "bandactivo": true, "datelastupdate": "2024-02-10T02:33:16.323Z"}}, {"model": "puntos.puntovideos", "pk": 1, "fields": {"cvepunto": 1, "ligavideo": "", "bandactivo": true, "datelastupdate": "2023-11-21T23:49:47.321Z"}}, {"model": "puntos.puntovideos", "pk": 2, "fields": {"cvepunto": 1, "ligavideo": "", "bandactivo": true, "datelastupdate": "2023-11-21T23:49:47.321Z"}}, {"model": "puntos.puntovideos", "pk": 3, "fields": {"cvepunto": 1, "ligavideo": "", "bandactivo": true, "datelastupdate": "2023-11-21T23:51:46.231Z"}}, {"model": "puntos.puntovideos", "pk": 4, "fields": {"cvepunto": 1, "ligavideo": "", "bandactivo": true, "datelastupdate": "2023-11-21T23:51:46.231Z"}}, {"model": "puntos.puntovideos", "pk": 5, "fields": {"cvepunto": 2, "ligavideo": "BbaaI5xf4y8", "bandactivo": true, "datelastupdate": "2023-11-23T15:54:14.696Z"}}, {"model": "puntos.puntovideos", "pk": 6, "fields": {"cvepunto": 2, "ligavideo": "LE9DBYPwo7A", "bandactivo": true, "datelastupdate": "2023-11-23T15:54:41.525Z"}}, {"model": "puntos.puntovideos", "pk": 7, "fields": {"cvepunto": 2, "ligavideo": "Vv8GU9y4QHc", "bandactivo": true, "datelastupdate": "2023-11-23T15:54:41.525Z"}}, {"model": "puntos.puntovideos", "pk": 8, "fields": {"cvepunto": 2, "ligavideo": "-lO0ohlMjXw", "bandactivo": true, "datelastupdate": "2023-11-23T16:34:17.218Z"}}, {"model": "puntos.puntovideos", "pk": 9, "fields": {"cvepunto": 2, "ligavideo": "BbaaI5xf4y8", "bandactivo": true, "datelastupdate": "2023-12-06T00:02:03.193Z"}}, {"model": "puntos.puntovideos", "pk": 10, "fields": {"cvepunto": 2, "ligavideo": "BbaaI5xf4y8", "bandactivo": true, "datelastupdate": "2023-12-06T00:03:58.984Z"}}, {"model": "puntos.puntovideos", "pk": 11, "fields": {"cvepunto": 2, "ligavideo": "LE9DBYPwo7A", "bandactivo": true, "datelastupdate": "2023-12-06T00:03:58.985Z"}}, {"model": "puntos.puntovideos", "pk": 12, "fields": {"cvepunto": 3, "ligavideo": "", "bandactivo": true, "datelastupdate": "2024-02-07T23:04:25.263Z"}}, {"model": "puntos.puntovideos", "pk": 13, "fields": {"cvepunto": 3, "ligavideo": "", "bandactivo": true, "datelastupdate": "2024-02-07T23:04:25.263Z"}}, {"model": "puntos.puntovideos", "pk": 14, "fields": {"cvepunto": 3, "ligavideo": "", "bandactivo": true, "datelastupdate": "2024-02-07T23:04:25.263Z"}}, {"model": "puntos.puntovideos", "pk": 15, "fields": {"cvepunto": 3, "ligavideo": "", "bandactivo": true, "datelastupdate": "2024-02-07T23:05:03.135Z"}}, {"model": "puntos.emocion", "pk": 1, "fields": {"nombre": "TRISTEZA"}}, {"model": "puntos.emocion", "pk": 2, "fields": {"nombre": "PREOCUPACION"}}, {"model": "puntos.canalemocion", "pk": 1, "fields": {"canal": 2, "emocion": 1}}, {"model": "puntos.canalemocion", "pk": 2, "fields": {"canal": 2, "emocion": 1}}, {"model": "puntos.canalemocion", "pk": 3, "fields": {"canal": 1, "emocion": 1}}, {"model": "puntos.canalemocion", "pk": 4, "fields": {"canal": 1, "emocion": 2}}, {"model": "puntos.elementos", "pk": 1, "fields": {"nombre": "FUEGO", "descripcion": "El fuego simboliza"}}, {"model": "puntos.elementos", "pk": 2, "fields": {"nombre": "AGUA", "descripcion": "La agua es"}}, {"model": "puntos.elementos", "pk": 3, "fields": {"nombre": "MADERA", "descripcion": "La madera"}}, {"model": "puntos.elementos", "pk": 4, "fields": {"nombre": "METAL", "descripcion": "El Elemento Metal"}}, {"model": "puntos.elementos", "pk": 5, "fields": {"nombre": "TIERRA ", "descripcion": ""}}, {"model": "puntos.elementos", "pk": 6, "fields": {"nombre": "ETHER", "descripcion": ""}}, {"model": "puntos.canalelemento", "pk": 1, "fields": {"canal": 2, "elemento": 2}}, {"model": "puntos.canalelemento", "pk": 2, "fields": {"canal": 2, "elemento": 3}}, {"model": "puntos.canalelemento", "pk": 3, "fields": {"canal": 2, "elemento": 4}}, {"model": "puntos.canalelemento", "pk": 4, "fields": {"canal": 1, "elemento": 4}}, {"model": "puntos.categoriaelemento", "pk": 1, "fields": {"nombre": "ORGANO "}}, {"model": "puntos.categoriaelemento", "pk": 2, "fields": {"nombre": "VISCERA"}}, {"model": "puntos.categoriaelemento", "pk": 3, "fields": {"nombre": "GLANDULA "}}, {"model": "puntos.categoriaelemento", "pk": 4, "fields": {"nombre": "ESTRUCTURA"}}, {"model": "puntos.categoriaelemento", "pk": 5, "fields": {"nombre": "TEJIDOS "}}, {"model": "puntos.categoriaelemento", "pk": 6, "fields": {"nombre": "AGUJERO "}}, {"model": "puntos.categoriaelemento", "pk": 7, "fields": {"nombre": "GLORIA "}}, {"model": "puntos.categoriaelemento", "pk": 8, "fields": {"nombre": "SUSTANCIA "}}, {"model": "puntos.categoriaelemento", "pk": 9, "fields": {"nombre": "SECRECION"}}, {"model": "puntos.categoriaelemento", "pk": 10, "fields": {"nombre": "APERTURA SOMATICA"}}, {"model": "puntos.categoriaelemento", "pk": 11, "fields": {"nombre": "AZUADO "}}, {"model": "puntos.categoriaelemento", "pk": 12, "fields": {"nombre": "ESTACION DEL AÑO"}}, {"model": "puntos.categoriaelemento", "pk": 13, "fields": {"nombre": "PROCESO"}}, {"model": "puntos.categoriaelemento", "pk": 14, "fields": {"nombre": "FACTOR CLIMATICO "}}, {"model": "puntos.categoriaelemento", "pk": 15, "fields": {"nombre": "COLOR"}}, {"model": "puntos.categoriaelemento", "pk": 16, "fields": {"nombre": "SABOR "}}, {"model": "puntos.categoriaelemento", "pk": 17, "fields": {"nombre": "OLOR "}}, {"model": "puntos.categoriaelemento", "pk": 18, "fields": {"nombre": "EMOCION"}}, {"model": "puntos.categoriaelemento", "pk": 19, "fields": {"nombre": "SENTIDO "}}, {"model": "puntos.categoriaelemento", "pk": 20, "fields": {"nombre": "SONIDO "}}, {"model": "puntos.categoriaelemento", "pk": 21, "fields": {"nombre": "SONIDO CURATIVO "}}, {"model": "puntos.categoriaelemento", "pk": 22, "fields": {"nombre": "PODER "}}, {"model": "puntos.categoriaelemento", "pk": 23, "fields": {"nombre": "CICLO DEL DÍA "}}, {"model": "puntos.categoriaelemento", "pk": 24, "fields": {"nombre": "MOMENTOVIDA "}}, {"model": "puntos.categoriaelemento", "pk": 25, "fields": {"nombre": "CLIMA "}}, {"model": "puntos.categoriaelemento", "pk": 26, "fields": {"nombre": "FACULTAD "}}, {"model": "puntos.categoriaelemento", "pk": 27, "fields": {"nombre": "MOVIL"}}, {"model": "puntos.categoriaelemento", "pk": 28, "fields": {"nombre": "CUALIDAD "}}, {"model": "puntos.categoriaelemento", "pk": 29, "fields": {"nombre": "ACTIVIDAD "}}, {"model": "puntos.categoriaelemento", "pk": 30, "fields": {"nombre": "ESTADO "}}, {"model": "puntos.categoriaelemento", "pk": 31, "fields": {"nombre": "PUNTO CARDINAL "}}, {"model": "puntos.categoriaelemento", "pk": 32, "fields": {"nombre": "CICLOVEGETAL "}}, {"model": "puntos.categoriaelemento", "pk": 33, "fields": {"nombre": "PLANETA "}}, {"model": "puntos.categoriaelemento", "pk": 34, "fields": {"nombre": "CICLO VITAL"}}, {"model": "puntos.categoriaelemento", "pk": 35, "fields": {"nombre": "ENERGIA Y NUTRE"}}, {"model": "puntos.categoriaelemento", "pk": 36, "fields": {"nombre": "ESPIRITUALES"}}, {"model": "puntos.categoriaelemento", "pk": 37, "fields": {"nombre": "VALORES"}}, {"model": "puntos.categoriaelemento", "pk": 38, "fields": {"nombre": "PSIQUICOS"}}, {"model": "puntos.categoriaelemento", "pk": 39, "fields": {"nombre": "NOTA MUSICAL"}}, {"model": "puntos.categoriaelemento", "pk": 40, "fields": {"nombre": "NUMERO"}}, {"model": "puntos.categoriaelemento", "pk": 41, "fields": {"nombre": "SISTEMA"}}, {"model": "puntos.valoreselemento", "pk": 1, "fields": {"nombre": "HIGADO "}}, {"model": "puntos.valoreselemento", "pk": 2, "fields": {"nombre": "VESICULA BILIAR"}}, {"model": "puntos.valoreselemento", "pk": 3, "fields": {"nombre": "TIROIDES"}}, {"model": "puntos.valoreselemento", "pk": 4, "fields": {"nombre": "LIGAMENTOS"}}, {"model": "puntos.valoreselemento", "pk": 5, "fields": {"nombre": "TENDONES"}}, {"model": "puntos.valoreselemento", "pk": 6, "fields": {"nombre": "NERVIOS"}}, {"model": "puntos.valoreselemento", "pk": 7, "fields": {"nombre": "SANGRE DE ÓRGANOS"}}, {"model": "puntos.valoreselemento", "pk": 8, "fields": {"nombre": "SEXUALES "}}, {"model": "puntos.valoreselemento", "pk": 9, "fields": {"nombre": "OJOS"}}, {"model": "puntos.valoreselemento", "pk": 10, "fields": {"nombre": "UÑAS"}}, {"model": "puntos.valoreselemento", "pk": 11, "fields": {"nombre": "SANGRE NUTRIDA"}}, {"model": "puntos.valoreselemento", "pk": 12, "fields": {"nombre": "LAGRIMAS"}}, {"model": "puntos.valoreselemento", "pk": 13, "fields": {"nombre": "COLESTEROL TRIGLICÉRIDOS "}}, {"model": "puntos.valoreselemento", "pk": 14, "fields": {"nombre": "PRIMAVERA"}}, {"model": "puntos.valoreselemento", "pk": 15, "fields": {"nombre": "NACIMIENTO"}}, {"model": "puntos.valoreselemento", "pk": 16, "fields": {"nombre": "VIENTO"}}, {"model": "puntos.valoreselemento", "pk": 17, "fields": {"nombre": "VERDE"}}, {"model": "puntos.valoreselemento", "pk": 18, "fields": {"nombre": "CAFE"}}, {"model": "puntos.valoreselemento", "pk": 19, "fields": {"nombre": "ÁCIDO"}}, {"model": "puntos.valoreselemento", "pk": 20, "fields": {"nombre": "AGRIO "}}, {"model": "puntos.valoreselemento", "pk": 21, "fields": {"nombre": "RANCIO"}}, {"model": "puntos.valoreselemento", "pk": 22, "fields": {"nombre": "ALMIZCLE "}}, {"model": "puntos.valoreselemento", "pk": 23, "fields": {"nombre": "ENOJO"}}, {"model": "puntos.valoreselemento", "pk": 24, "fields": {"nombre": "IRA"}}, {"model": "puntos.valoreselemento", "pk": 25, "fields": {"nombre": "ENVIDIA"}}, {"model": "puntos.valoreselemento", "pk": 26, "fields": {"nombre": "CÓLERA"}}, {"model": "puntos.valoreselemento", "pk": 27, "fields": {"nombre": "RENCOR"}}, {"model": "puntos.valoreselemento", "pk": 28, "fields": {"nombre": "JUZGAR"}}, {"model": "puntos.valoreselemento", "pk": 29, "fields": {"nombre": "VISTA "}}, {"model": "puntos.valoreselemento", "pk": 30, "fields": {"nombre": "GRITO O ESTALLIDO "}}, {"model": "puntos.valoreselemento", "pk": 31, "fields": {"nombre": "SHHHHHH "}}, {"model": "puntos.valoreselemento", "pk": 32, "fields": {"nombre": "EXPANSIÓN "}}, {"model": "puntos.valoreselemento", "pk": 33, "fields": {"nombre": "AMANECER "}}, {"model": "puntos.valoreselemento", "pk": 34, "fields": {"nombre": "CONCIENCIA ACTIVA"}}, {"model": "puntos.valoreselemento", "pk": 35, "fields": {"nombre": "SERVIRSE ASIMISMO"}}, {"model": "puntos.valoreselemento", "pk": 36, "fields": {"nombre": "EMOTIVA "}}, {"model": "puntos.valoreselemento", "pk": 37, "fields": {"nombre": "LLEVAR A CABO "}}, {"model": "puntos.valoreselemento", "pk": 38, "fields": {"nombre": "ESTIMULO "}}, {"model": "puntos.valoreselemento", "pk": 39, "fields": {"nombre": "ESTE "}}, {"model": "puntos.valoreselemento", "pk": 40, "fields": {"nombre": "GERMINACIÓN "}}, {"model": "puntos.valoreselemento", "pk": 41, "fields": {"nombre": "JÚPITER "}}, {"model": "puntos.valoreselemento", "pk": 42, "fields": {"nombre": "MUSCULOS"}}, {"model": "puntos.valoreselemento", "pk": 43, "fields": {"nombre": "ALMA"}}, {"model": "puntos.valoreselemento", "pk": 44, "fields": {"nombre": "IMAGINACION"}}, {"model": "puntos.valoreselemento", "pk": 45, "fields": {"nombre": "OPTIMISMO"}}, {"model": "puntos.valoreselemento", "pk": 46, "fields": {"nombre": "IMPULSIVO"}}, {"model": "puntos.valoreselemento", "pk": 47, "fields": {"nombre": "ACTIVO"}}, {"model": "puntos.valoreselemento", "pk": 48, "fields": {"nombre": "AGRESIVO"}}, {"model": "puntos.valoreselemento", "pk": 49, "fields": {"nombre": "DO"}}, {"model": "puntos.valoreselemento", "pk": 50, "fields": {"nombre": "3 Y 4"}}, {"model": "puntos.valoreselemento", "pk": 51, "fields": {"nombre": "NERVIOSO"}}, {"model": "puntos.valoreselemento", "pk": 52, "fields": {"nombre": "CORAZON "}}, {"model": "puntos.valoreselemento", "pk": 53, "fields": {"nombre": "INTESTINO DELGADO"}}, {"model": "puntos.valoreselemento", "pk": 54, "fields": {"nombre": "HIPOFISIS"}}, {"model": "puntos.valoreselemento", "pk": 55, "fields": {"nombre": "VASOS ARTERIAS"}}, {"model": "puntos.valoreselemento", "pk": 56, "fields": {"nombre": "OÍDO EXTRENO"}}, {"model": "puntos.valoreselemento", "pk": 57, "fields": {"nombre": "LENGUA"}}, {"model": "puntos.valoreselemento", "pk": 58, "fields": {"nombre": "ARTERIAS"}}, {"model": "puntos.valoreselemento", "pk": 59, "fields": {"nombre": "TEZ "}}, {"model": "puntos.valoreselemento", "pk": 60, "fields": {"nombre": "SANGRE OXIGENADA"}}, {"model": "puntos.valoreselemento", "pk": 61, "fields": {"nombre": "SUDOR"}}, {"model": "puntos.valoreselemento", "pk": 62, "fields": {"nombre": "OREJAS "}}, {"model": "puntos.valoreselemento", "pk": 63, "fields": {"nombre": "NO HAY "}}, {"model": "puntos.valoreselemento", "pk": 64, "fields": {"nombre": "VERANO"}}, {"model": "puntos.valoreselemento", "pk": 65, "fields": {"nombre": "CRECIMIENTO"}}, {"model": "puntos.valoreselemento", "pk": 66, "fields": {"nombre": "CALOR"}}, {"model": "puntos.valoreselemento", "pk": 67, "fields": {"nombre": "ROJO "}}, {"model": "puntos.valoreselemento", "pk": 68, "fields": {"nombre": "AMARGO "}}, {"model": "puntos.valoreselemento", "pk": 69, "fields": {"nombre": "QUEMADO "}}, {"model": "puntos.valoreselemento", "pk": 70, "fields": {"nombre": "EUFORIA Y ALEGRÍA EN DESEQUILIBRIO"}}, {"model": "puntos.valoreselemento", "pk": 71, "fields": {"nombre": "EMOCIONES EXACERBADAS "}}, {"model": "puntos.valoreselemento", "pk": 72, "fields": {"nombre": "HABLA "}}, {"model": "puntos.valoreselemento", "pk": 73, "fields": {"nombre": "RISAS O RUGIDO "}}, {"model": "puntos.valoreselemento", "pk": 74, "fields": {"nombre": "HAAAAAAA "}}, {"model": "puntos.valoreselemento", "pk": 75, "fields": {"nombre": "REALIZACIÓN "}}, {"model": "puntos.valoreselemento", "pk": 76, "fields": {"nombre": "MAÑANA "}}, {"model": "puntos.valoreselemento", "pk": 77, "fields": {"nombre": "ADOLESCENCIA "}}, {"model": "puntos.valoreselemento", "pk": 78, "fields": {"nombre": "CONCIENCIA TRASCEDENTE"}}, {"model": "puntos.valoreselemento", "pk": 79, "fields": {"nombre": "DISOLVERSE ASIMISMO"}}, {"model": "puntos.valoreselemento", "pk": 80, "fields": {"nombre": "SENSITIVA "}}, {"model": "puntos.valoreselemento", "pk": 81, "fields": {"nombre": "INTUIR "}}, {"model": "puntos.valoreselemento", "pk": 82, "fields": {"nombre": "EXCITACION "}}, {"model": "puntos.valoreselemento", "pk": 83, "fields": {"nombre": "SUR "}}, {"model": "puntos.valoreselemento", "pk": 84, "fields": {"nombre": "MADURACIÓN "}}, {"model": "puntos.valoreselemento", "pk": 85, "fields": {"nombre": "MARTE/SOL "}}, {"model": "puntos.valoreselemento", "pk": 86, "fields": {"nombre": "CIRCULACION "}}, {"model": "puntos.valoreselemento", "pk": 87, "fields": {"nombre": "CONCIENCIA"}}, {"model": "puntos.valoreselemento", "pk": 88, "fields": {"nombre": "EMOTIVIDAD"}}, {"model": "puntos.valoreselemento", "pk": 89, "fields": {"nombre": "ANSIEDAD"}}, {"model": "puntos.valoreselemento", "pk": 90, "fields": {"nombre": "ANGUSTIA"}}, {"model": "puntos.valoreselemento", "pk": 91, "fields": {"nombre": "HISTERIA"}}, {"model": "puntos.valoreselemento", "pk": 92, "fields": {"nombre": "LA"}}, {"model": "puntos.valoreselemento", "pk": 93, "fields": {"nombre": "9"}}, {"model": "puntos.valoreselemento", "pk": 94, "fields": {"nombre": "CIRCULATORIO"}}, {"model": "puntos.valoreselemento", "pk": 95, "fields": {"nombre": "ENDOCRINO"}}, {"model": "puntos.valoreselemento", "pk": 96, "fields": {"nombre": "BAZO "}}, {"model": "puntos.valoreselemento", "pk": 97, "fields": {"nombre": "PANCREAS "}}, {"model": "puntos.valoreselemento", "pk": 98, "fields": {"nombre": "ESTOMAGO"}}, {"model": "puntos.valoreselemento", "pk": 99, "fields": {"nombre": "BOCA"}}, {"model": "puntos.valoreselemento", "pk": 100, "fields": {"nombre": "LABIOS"}}, {"model": "puntos.valoreselemento", "pk": 101, "fields": {"nombre": "ENCÍAS"}}, {"model": "puntos.valoreselemento", "pk": 102, "fields": {"nombre": "COLÁGENO"}}, {"model": "puntos.valoreselemento", "pk": 103, "fields": {"nombre": "GRASA "}}, {"model": "puntos.valoreselemento", "pk": 104, "fields": {"nombre": "I.C.SUBCUTÁNEO "}}, {"model": "puntos.valoreselemento", "pk": 105, "fields": {"nombre": "QUIMO Y QUILO"}}, {"model": "puntos.valoreselemento", "pk": 106, "fields": {"nombre": "SALIVA"}}, {"model": "puntos.valoreselemento", "pk": 107, "fields": {"nombre": "FLEMA "}}, {"model": "puntos.valoreselemento", "pk": 108, "fields": {"nombre": "CANICULA"}}, {"model": "puntos.valoreselemento", "pk": 109, "fields": {"nombre": "TRANSFORMACION"}}, {"model": "puntos.valoreselemento", "pk": 110, "fields": {"nombre": "HUMEDAD"}}, {"model": "puntos.valoreselemento", "pk": 111, "fields": {"nombre": "NARANJA"}}, {"model": "puntos.valoreselemento", "pk": 112, "fields": {"nombre": "AMARILLO "}}, {"model": "puntos.valoreselemento", "pk": 113, "fields": {"nombre": "DULCE "}}, {"model": "puntos.valoreselemento", "pk": 114, "fields": {"nombre": "PERFUMADO "}}, {"model": "puntos.valoreselemento", "pk": 115, "fields": {"nombre": "PREOCUPACIÓN "}}, {"model": "puntos.valoreselemento", "pk": 116, "fields": {"nombre": "REFLEXIÓN"}}, {"model": "puntos.valoreselemento", "pk": 117, "fields": {"nombre": "OBSESIÓN"}}, {"model": "puntos.valoreselemento", "pk": 118, "fields": {"nombre": "GUSTO "}}, {"model": "puntos.valoreselemento", "pk": 119, "fields": {"nombre": "CANTAR, ZUMBIDO "}}, {"model": "puntos.valoreselemento", "pk": 120, "fields": {"nombre": "GUUUUUU "}}, {"model": "puntos.valoreselemento", "pk": 121, "fields": {"nombre": "TRANSICIÓN "}}, {"model": "puntos.valoreselemento", "pk": 122, "fields": {"nombre": "MEDIODÍA "}}, {"model": "puntos.valoreselemento", "pk": 123, "fields": {"nombre": "JUVENTUD "}}, {"model": "puntos.valoreselemento", "pk": 124, "fields": {"nombre": "CONCIENCIA PASIVA"}}, {"model": "puntos.valoreselemento", "pk": 125, "fields": {"nombre": "SITUARSE ASIMISMO"}}, {"model": "puntos.valoreselemento", "pk": 126, "fields": {"nombre": "REFLEXIVA "}}, {"model": "puntos.valoreselemento", "pk": 127, "fields": {"nombre": "ABSORBER "}}, {"model": "puntos.valoreselemento", "pk": 128, "fields": {"nombre": "APLOMO "}}, {"model": "puntos.valoreselemento", "pk": 129, "fields": {"nombre": "CENTRO "}}, {"model": "puntos.valoreselemento", "pk": 130, "fields": {"nombre": "COSECHA "}}, {"model": "puntos.valoreselemento", "pk": 131, "fields": {"nombre": "SATURNO "}}, {"model": "puntos.valoreselemento", "pk": 132, "fields": {"nombre": "MADUREZ"}}, {"model": "puntos.valoreselemento", "pk": 133, "fields": {"nombre": "T. CONJUNTIVO"}}, {"model": "puntos.valoreselemento", "pk": 134, "fields": {"nombre": "REFLEXION E IDEAS"}}, {"model": "puntos.valoreselemento", "pk": 135, "fields": {"nombre": "MANIAS"}}, {"model": "puntos.valoreselemento", "pk": 136, "fields": {"nombre": "MI"}}, {"model": "puntos.valoreselemento", "pk": 137, "fields": {"nombre": "2, 5 Y 6"}}, {"model": "puntos.valoreselemento", "pk": 138, "fields": {"nombre": "DIGESTIVO"}}, {"model": "puntos.valoreselemento", "pk": 139, "fields": {"nombre": "MUSCULAR"}}, {"model": "puntos.valoreselemento", "pk": 140, "fields": {"nombre": "PULMON "}}, {"model": "puntos.valoreselemento", "pk": 141, "fields": {"nombre": "INTESTINO GRUESO"}}, {"model": "puntos.valoreselemento", "pk": 142, "fields": {"nombre": "TIMO"}}, {"model": "puntos.valoreselemento", "pk": 143, "fields": {"nombre": "PIEL Y PELOS"}}, {"model": "puntos.valoreselemento", "pk": 144, "fields": {"nombre": "PIEL"}}, {"model": "puntos.valoreselemento", "pk": 145, "fields": {"nombre": "POROS"}}, {"model": "puntos.valoreselemento", "pk": 146, "fields": {"nombre": "VELLO"}}, {"model": "puntos.valoreselemento", "pk": 147, "fields": {"nombre": "VASOS"}}, {"model": "puntos.valoreselemento", "pk": 148, "fields": {"nombre": "LINFÁTICOS"}}, {"model": "puntos.valoreselemento", "pk": 149, "fields": {"nombre": "VENAS "}}, {"model": "puntos.valoreselemento", "pk": 150, "fields": {"nombre": "NARIZ "}}, {"model": "puntos.valoreselemento", "pk": 151, "fields": {"nombre": "LINFA "}}, {"model": "puntos.valoreselemento", "pk": 152, "fields": {"nombre": "MOCO"}}, {"model": "puntos.valoreselemento", "pk": 153, "fields": {"nombre": "HECES FECALES "}}, {"model": "puntos.valoreselemento", "pk": 154, "fields": {"nombre": "OTOÑO"}}, {"model": "puntos.valoreselemento", "pk": 155, "fields": {"nombre": "SEQUEDAD"}}, {"model": "puntos.valoreselemento", "pk": 156, "fields": {"nombre": "AZUL"}}, {"model": "puntos.valoreselemento", "pk": 157, "fields": {"nombre": "BLANCO "}}, {"model": "puntos.valoreselemento", "pk": 158, "fields": {"nombre": "GRIS "}}, {"model": "puntos.valoreselemento", "pk": 159, "fields": {"nombre": "PICANTE "}}, {"model": "puntos.valoreselemento", "pk": 160, "fields": {"nombre": "TRISTEZA"}}, {"model": "puntos.valoreselemento", "pk": 161, "fields": {"nombre": "DEPRESION "}}, {"model": "puntos.valoreselemento", "pk": 162, "fields": {"nombre": "OLFATO "}}, {"model": "puntos.valoreselemento", "pk": 163, "fields": {"nombre": "LLANTO O CRUJIDO "}}, {"model": "puntos.valoreselemento", "pk": 164, "fields": {"nombre": "SSSSSSSSSSSS "}}, {"model": "puntos.valoreselemento", "pk": 165, "fields": {"nombre": "CONTRACCIÓN "}}, {"model": "puntos.valoreselemento", "pk": 166, "fields": {"nombre": "TARDE "}}, {"model": "puntos.valoreselemento", "pk": 167, "fields": {"nombre": "VEJEZ"}}, {"model": "puntos.valoreselemento", "pk": 168, "fields": {"nombre": "SECO "}}, {"model": "puntos.valoreselemento", "pk": 169, "fields": {"nombre": "CONCIENCIA SUBIMINAL"}}, {"model": "puntos.valoreselemento", "pk": 170, "fields": {"nombre": "DEFINIRSE ASIMISMO"}}, {"model": "puntos.valoreselemento", "pk": 171, "fields": {"nombre": "DEDUCTIVA "}}, {"model": "puntos.valoreselemento", "pk": 172, "fields": {"nombre": "ANALIZAR "}}, {"model": "puntos.valoreselemento", "pk": 173, "fields": {"nombre": "INHIBICION "}}, {"model": "puntos.valoreselemento", "pk": 174, "fields": {"nombre": "OESTE "}}, {"model": "puntos.valoreselemento", "pk": 175, "fields": {"nombre": "CAÍDA "}}, {"model": "puntos.valoreselemento", "pk": 176, "fields": {"nombre": "VENUS "}}, {"model": "puntos.valoreselemento", "pk": 177, "fields": {"nombre": "DECLIVE"}}, {"model": "puntos.valoreselemento", "pk": 178, "fields": {"nombre": "FLUIDO VITAL"}}, {"model": "puntos.valoreselemento", "pk": 179, "fields": {"nombre": "ESPIRITU"}}, {"model": "puntos.valoreselemento", "pk": 180, "fields": {"nombre": "PASIVIDAD"}}, {"model": "puntos.valoreselemento", "pk": 181, "fields": {"nombre": "CALMADO"}}, {"model": "puntos.valoreselemento", "pk": 182, "fields": {"nombre": "ABULICO"}}, {"model": "puntos.valoreselemento", "pk": 183, "fields": {"nombre": "PESIMISMO"}}, {"model": "puntos.valoreselemento", "pk": 184, "fields": {"nombre": "RE"}}, {"model": "puntos.valoreselemento", "pk": 185, "fields": {"nombre": "7 Y 8"}}, {"model": "puntos.valoreselemento", "pk": 186, "fields": {"nombre": "RESPIRATORIO"}}, {"model": "puntos.valoreselemento", "pk": 187, "fields": {"nombre": "PERICARDIO"}}, {"model": "puntos.valoreselemento", "pk": 188, "fields": {"nombre": "TRIPLE RECALENTADOR O SANJIAO"}}, {"model": "puntos.valoreselemento", "pk": 189, "fields": {"nombre": "PINEAL"}}, {"model": "puntos.valoreselemento", "pk": 190, "fields": {"nombre": "FASCIAS"}}, {"model": "puntos.valoreselemento", "pk": 191, "fields": {"nombre": "TEJIDO INTERSTICIAL"}}, {"model": "puntos.valoreselemento", "pk": 192, "fields": {"nombre": "FONTANELA"}}, {"model": "puntos.valoreselemento", "pk": 193, "fields": {"nombre": "SEMBLANTE"}}, {"model": "puntos.valoreselemento", "pk": 194, "fields": {"nombre": "LIQUIDO INTERSTICIAL"}}, {"model": "puntos.valoreselemento", "pk": 195, "fields": {"nombre": "DESTELLO AUREAL"}}, {"model": "puntos.valoreselemento", "pk": 196, "fields": {"nombre": "TERCER OJO"}}, {"model": "puntos.valoreselemento", "pk": 197, "fields": {"nombre": "SUSPIRO"}}, {"model": "puntos.valoreselemento", "pk": 198, "fields": {"nombre": "OTOÑO-INVIERNO (11 AL 31 DIC)"}}, {"model": "puntos.valoreselemento", "pk": 199, "fields": {"nombre": "COMPARTIR"}}, {"model": "puntos.valoreselemento", "pk": 200, "fields": {"nombre": "ESTREMECIMIENTO"}}, {"model": "puntos.valoreselemento", "pk": 201, "fields": {"nombre": "DORADO"}}, {"model": "puntos.valoreselemento", "pk": 202, "fields": {"nombre": "EXACERBADO"}}, {"model": "puntos.valoreselemento", "pk": 203, "fields": {"nombre": "ECUANIMIDAD"}}, {"model": "puntos.valoreselemento", "pk": 204, "fields": {"nombre": "INTUICION"}}, {"model": "puntos.valoreselemento", "pk": 205, "fields": {"nombre": "SILENCIO"}}, {"model": "puntos.valoreselemento", "pk": 206, "fields": {"nombre": "HIIIIIIIII"}}, {"model": "puntos.valoreselemento", "pk": 207, "fields": {"nombre": "JIIIIIIIIIII"}}, {"model": "puntos.valoreselemento", "pk": 208, "fields": {"nombre": "XIIIIIIIIII"}}, {"model": "puntos.valoreselemento", "pk": 209, "fields": {"nombre": "ILUMINACION"}}, {"model": "puntos.valoreselemento", "pk": 210, "fields": {"nombre": "MEDIA NOCHE"}}, {"model": "puntos.valoreselemento", "pk": 211, "fields": {"nombre": "TRASCENDENCIA"}}, {"model": "puntos.valoreselemento", "pk": 212, "fields": {"nombre": "EXCESO DE FACTOR CLIMATICO"}}, {"model": "puntos.valoreselemento", "pk": 213, "fields": {"nombre": "CONSCIENCIA EVOLUTIVA"}}, {"model": "puntos.valoreselemento", "pk": 214, "fields": {"nombre": "TRASCENDERSE ASI MISMO"}}, {"model": "puntos.valoreselemento", "pk": 215, "fields": {"nombre": "EVOLUTIVA"}}, {"model": "puntos.valoreselemento", "pk": 216, "fields": {"nombre": "COMPRENDER"}}, {"model": "puntos.valoreselemento", "pk": 217, "fields": {"nombre": "RESILENCIA"}}, {"model": "puntos.valoreselemento", "pk": 218, "fields": {"nombre": "UNIVERSO"}}, {"model": "puntos.valoreselemento", "pk": 219, "fields": {"nombre": "RENACIMIENTO"}}, {"model": "puntos.valoreselemento", "pk": 220, "fields": {"nombre": "SOL"}}, {"model": "puntos.valoreselemento", "pk": 221, "fields": {"nombre": "CHISPA DIVINA"}}, {"model": "puntos.valoreselemento", "pk": 222, "fields": {"nombre": "AURA"}}, {"model": "puntos.valoreselemento", "pk": 223, "fields": {"nombre": "LIBERTAD"}}, {"model": "puntos.valoreselemento", "pk": 224, "fields": {"nombre": "PAZ"}}, {"model": "puntos.valoreselemento", "pk": 225, "fields": {"nombre": "TRANQUILIDAD"}}, {"model": "puntos.valoreselemento", "pk": 226, "fields": {"nombre": "FA"}}, {"model": "puntos.valoreselemento", "pk": 227, "fields": {"nombre": "SI"}}, {"model": "puntos.valoreselemento", "pk": 228, "fields": {"nombre": "DO SOSTENIDO"}}, {"model": "puntos.valoreselemento", "pk": 229, "fields": {"nombre": "13"}}, {"model": "puntos.valoreselemento", "pk": 230, "fields": {"nombre": "CONSCIENCIA UNIVERSAL"}}, {"model": "puntos.valoreselemento", "pk": 231, "fields": {"nombre": "RINON"}}, {"model": "puntos.valoreselemento", "pk": 232, "fields": {"nombre": "VEJIGA "}}, {"model": "puntos.valoreselemento", "pk": 233, "fields": {"nombre": "SUPRARRENALES "}}, {"model": "puntos.valoreselemento", "pk": 234, "fields": {"nombre": "HUESOS"}}, {"model": "puntos.valoreselemento", "pk": 235, "fields": {"nombre": "OÍDO INTERNO"}}, {"model": "puntos.valoreselemento", "pk": 236, "fields": {"nombre": "CABELLO"}}, {"model": "puntos.valoreselemento", "pk": 237, "fields": {"nombre": "HUESOS, "}}, {"model": "puntos.valoreselemento", "pk": 238, "fields": {"nombre": "DIENTES"}}, {"model": "puntos.valoreselemento", "pk": 239, "fields": {"nombre": "MEDULA ÓSEA"}}, {"model": "puntos.valoreselemento", "pk": 240, "fields": {"nombre": "CEREBRO"}}, {"model": "puntos.valoreselemento", "pk": 241, "fields": {"nombre": "MEDULA ESPINAL "}}, {"model": "puntos.valoreselemento", "pk": 242, "fields": {"nombre": "ANO"}}, {"model": "puntos.valoreselemento", "pk": 243, "fields": {"nombre": "URETRA,"}}, {"model": "puntos.valoreselemento", "pk": 244, "fields": {"nombre": "CUELLO DEL ÚTERO"}}, {"model": "puntos.valoreselemento", "pk": 245, "fields": {"nombre": "OVARIOS"}}, {"model": "puntos.valoreselemento", "pk": 246, "fields": {"nombre": "TESTICULOS"}}, {"model": "puntos.valoreselemento", "pk": 247, "fields": {"nombre": "PROSTATA"}}, {"model": "puntos.valoreselemento", "pk": 248, "fields": {"nombre": "CARTILAGO"}}, {"model": "puntos.valoreselemento", "pk": 249, "fields": {"nombre": "OIDO "}}, {"model": "puntos.valoreselemento", "pk": 250, "fields": {"nombre": "PELO"}}, {"model": "puntos.valoreselemento", "pk": 251, "fields": {"nombre": "LIQUIDO CEFALORRAQUÍDEO "}}, {"model": "puntos.valoreselemento", "pk": 252, "fields": {"nombre": "SECRECIONES SEXUALES"}}, {"model": "puntos.valoreselemento", "pk": 253, "fields": {"nombre": "ORINA "}}, {"model": "puntos.valoreselemento", "pk": 254, "fields": {"nombre": "ANO Y MEATO "}}, {"model": "puntos.valoreselemento", "pk": 255, "fields": {"nombre": "URINARIO"}}, {"model": "puntos.valoreselemento", "pk": 256, "fields": {"nombre": "ACIDO URICO "}}, {"model": "puntos.valoreselemento", "pk": 257, "fields": {"nombre": "INVIERNO"}}, {"model": "puntos.valoreselemento", "pk": 258, "fields": {"nombre": "ALMACENAMIENTO"}}, {"model": "puntos.valoreselemento", "pk": 259, "fields": {"nombre": "FRIO"}}, {"model": "puntos.valoreselemento", "pk": 260, "fields": {"nombre": "NEGRO"}}, {"model": "puntos.valoreselemento", "pk": 261, "fields": {"nombre": "MORADO"}}, {"model": "puntos.valoreselemento", "pk": 262, "fields": {"nombre": "ACRE"}}, {"model": "puntos.valoreselemento", "pk": 263, "fields": {"nombre": "SALADO "}}, {"model": "puntos.valoreselemento", "pk": 264, "fields": {"nombre": "PODRIDO"}}, {"model": "puntos.valoreselemento", "pk": 265, "fields": {"nombre": "ESTANCADO "}}, {"model": "puntos.valoreselemento", "pk": 266, "fields": {"nombre": "MIEDO"}}, {"model": "puntos.valoreselemento", "pk": 267, "fields": {"nombre": "GEMIDO O SUCCIÓN"}}, {"model": "puntos.valoreselemento", "pk": 268, "fields": {"nombre": "UUUUUUUUU "}}, {"model": "puntos.valoreselemento", "pk": 269, "fields": {"nombre": "CONSOLIDACIÓN"}}, {"model": "puntos.valoreselemento", "pk": 270, "fields": {"nombre": "NOCHE"}}, {"model": "puntos.valoreselemento", "pk": 271, "fields": {"nombre": "MUERTE "}}, {"model": "puntos.valoreselemento", "pk": 272, "fields": {"nombre": "CONCIENCIA PRIMAL"}}, {"model": "puntos.valoreselemento", "pk": 273, "fields": {"nombre": "CONSERVARSE ASIMISMO "}}, {"model": "puntos.valoreselemento", "pk": 274, "fields": {"nombre": "INSTINTIVA "}}, {"model": "puntos.valoreselemento", "pk": 275, "fields": {"nombre": "EXAMINAR"}}, {"model": "puntos.valoreselemento", "pk": 276, "fields": {"nombre": "RETRAIMIENTO"}}, {"model": "puntos.valoreselemento", "pk": 277, "fields": {"nombre": "NORTE "}}, {"model": "puntos.valoreselemento", "pk": 278, "fields": {"nombre": "DEGRADACIÓN "}}, {"model": "puntos.valoreselemento", "pk": 279, "fields": {"nombre": "MERCURIO"}}, {"model": "puntos.valoreselemento", "pk": 280, "fields": {"nombre": "EXTASIS"}}, {"model": "puntos.valoreselemento", "pk": 281, "fields": {"nombre": "VOLUNTAD"}}, {"model": "puntos.valoreselemento", "pk": 282, "fields": {"nombre": "INQUIETUD"}}, {"model": "puntos.valoreselemento", "pk": 283, "fields": {"nombre": "DEPRESIVO"}}, {"model": "puntos.valoreselemento", "pk": 284, "fields": {"nombre": "DEINTERES"}}, {"model": "puntos.valoreselemento", "pk": 285, "fields": {"nombre": "1"}}, {"model": "puntos.valoreselemento", "pk": 286, "fields": {"nombre": "REPRODUCTOR"}}, {"model": "puntos.tablaelemento", "pk": 1, "fields": {"tipo": 3, "categoria": 1, "valor": 1}}, {"model": "puntos.tablaelemento", "pk": 2, "fields": {"tipo": 3, "categoria": 2, "valor": 2}}, {"model": "puntos.tablaelemento", "pk": 3, "fields": {"tipo": 3, "categoria": 3, "valor": 3}}, {"model": "puntos.tablaelemento", "pk": 4, "fields": {"tipo": 3, "categoria": 4, "valor": 4}}, {"model": "puntos.tablaelemento", "pk": 5, "fields": {"tipo": 3, "categoria": 4, "valor": 5}}, {"model": "puntos.tablaelemento", "pk": 6, "fields": {"tipo": 3, "categoria": 4, "valor": 6}}, {"model": "puntos.tablaelemento", "pk": 7, "fields": {"tipo": 3, "categoria": 5, "valor": 7}}, {"model": "puntos.tablaelemento", "pk": 8, "fields": {"tipo": 3, "categoria": 5, "valor": 8}}, {"model": "puntos.tablaelemento", "pk": 9, "fields": {"tipo": 3, "categoria": 5, "valor": 9}}, {"model": "puntos.tablaelemento", "pk": 10, "fields": {"tipo": 3, "categoria": 5, "valor": 10}}, {"model": "puntos.tablaelemento", "pk": 11, "fields": {"tipo": 3, "categoria": 5, "valor": 4}}, {"model": "puntos.tablaelemento", "pk": 12, "fields": {"tipo": 3, "categoria": 5, "valor": 6}}, {"model": "puntos.tablaelemento", "pk": 13, "fields": {"tipo": 3, "categoria": 5, "valor": 3}}, {"model": "puntos.tablaelemento", "pk": 14, "fields": {"tipo": 3, "categoria": 6, "valor": 9}}, {"model": "puntos.tablaelemento", "pk": 15, "fields": {"tipo": 3, "categoria": 7, "valor": 10}}, {"model": "puntos.tablaelemento", "pk": 16, "fields": {"tipo": 3, "categoria": 8, "valor": 11}}, {"model": "puntos.tablaelemento", "pk": 17, "fields": {"tipo": 3, "categoria": 9, "valor": 12}}, {"model": "puntos.tablaelemento", "pk": 18, "fields": {"tipo": 3, "categoria": 10, "valor": 9}}, {"model": "puntos.tablaelemento", "pk": 19, "fields": {"tipo": 3, "categoria": 11, "valor": 13}}, {"model": "puntos.tablaelemento", "pk": 20, "fields": {"tipo": 3, "categoria": 12, "valor": 14}}, {"model": "puntos.tablaelemento", "pk": 21, "fields": {"tipo": 3, "categoria": 13, "valor": 15}}, {"model": "puntos.tablaelemento", "pk": 22, "fields": {"tipo": 3, "categoria": 14, "valor": 16}}, {"model": "puntos.tablaelemento", "pk": 23, "fields": {"tipo": 3, "categoria": 15, "valor": 17}}, {"model": "puntos.tablaelemento", "pk": 24, "fields": {"tipo": 3, "categoria": 15, "valor": 18}}, {"model": "puntos.tablaelemento", "pk": 25, "fields": {"tipo": 3, "categoria": 16, "valor": 19}}, {"model": "puntos.tablaelemento", "pk": 26, "fields": {"tipo": 3, "categoria": 16, "valor": 20}}, {"model": "puntos.tablaelemento", "pk": 27, "fields": {"tipo": 3, "categoria": 17, "valor": 21}}, {"model": "puntos.tablaelemento", "pk": 28, "fields": {"tipo": 3, "categoria": 17, "valor": 22}}, {"model": "puntos.tablaelemento", "pk": 29, "fields": {"tipo": 3, "categoria": 18, "valor": 23}}, {"model": "puntos.tablaelemento", "pk": 30, "fields": {"tipo": 3, "categoria": 18, "valor": 24}}, {"model": "puntos.tablaelemento", "pk": 31, "fields": {"tipo": 3, "categoria": 18, "valor": 25}}, {"model": "puntos.tablaelemento", "pk": 32, "fields": {"tipo": 3, "categoria": 18, "valor": 26}}, {"model": "puntos.tablaelemento", "pk": 33, "fields": {"tipo": 3, "categoria": 18, "valor": 27}}, {"model": "puntos.tablaelemento", "pk": 34, "fields": {"tipo": 3, "categoria": 18, "valor": 28}}, {"model": "puntos.tablaelemento", "pk": 35, "fields": {"tipo": 3, "categoria": 19, "valor": 29}}, {"model": "puntos.tablaelemento", "pk": 36, "fields": {"tipo": 3, "categoria": 20, "valor": 30}}, {"model": "puntos.tablaelemento", "pk": 37, "fields": {"tipo": 3, "categoria": 21, "valor": 31}}, {"model": "puntos.tablaelemento", "pk": 38, "fields": {"tipo": 3, "categoria": 22, "valor": 32}}, {"model": "puntos.tablaelemento", "pk": 39, "fields": {"tipo": 3, "categoria": 23, "valor": 33}}, {"model": "puntos.tablaelemento", "pk": 40, "fields": {"tipo": 3, "categoria": 24, "valor": 15}}, {"model": "puntos.tablaelemento", "pk": 41, "fields": {"tipo": 3, "categoria": 25, "valor": 16}}, {"model": "puntos.tablaelemento", "pk": 42, "fields": {"tipo": 3, "categoria": 26, "valor": 34}}, {"model": "puntos.tablaelemento", "pk": 43, "fields": {"tipo": 3, "categoria": 27, "valor": 35}}, {"model": "puntos.tablaelemento", "pk": 44, "fields": {"tipo": 3, "categoria": 28, "valor": 36}}, {"model": "puntos.tablaelemento", "pk": 45, "fields": {"tipo": 3, "categoria": 29, "valor": 37}}, {"model": "puntos.tablaelemento", "pk": 46, "fields": {"tipo": 3, "categoria": 30, "valor": 38}}, {"model": "puntos.tablaelemento", "pk": 47, "fields": {"tipo": 3, "categoria": 31, "valor": 39}}, {"model": "puntos.tablaelemento", "pk": 48, "fields": {"tipo": 3, "categoria": 32, "valor": 40}}, {"model": "puntos.tablaelemento", "pk": 49, "fields": {"tipo": 3, "categoria": 33, "valor": 41}}, {"model": "puntos.tablaelemento", "pk": 50, "fields": {"tipo": 3, "categoria": 34, "valor": 15}}, {"model": "puntos.tablaelemento", "pk": 51, "fields": {"tipo": 3, "categoria": 35, "valor": 42}}, {"model": "puntos.tablaelemento", "pk": 52, "fields": {"tipo": 3, "categoria": 36, "valor": 43}}, {"model": "puntos.tablaelemento", "pk": 53, "fields": {"tipo": 3, "categoria": 36, "valor": 44}}, {"model": "puntos.tablaelemento", "pk": 54, "fields": {"tipo": 3, "categoria": 37, "valor": 45}}, {"model": "puntos.tablaelemento", "pk": 55, "fields": {"tipo": 3, "categoria": 38, "valor": 46}}, {"model": "puntos.tablaelemento", "pk": 56, "fields": {"tipo": 3, "categoria": 38, "valor": 47}}, {"model": "puntos.tablaelemento", "pk": 57, "fields": {"tipo": 3, "categoria": 38, "valor": 48}}, {"model": "puntos.tablaelemento", "pk": 58, "fields": {"tipo": 3, "categoria": 39, "valor": 49}}, {"model": "puntos.tablaelemento", "pk": 59, "fields": {"tipo": 3, "categoria": 40, "valor": 50}}, {"model": "puntos.tablaelemento", "pk": 60, "fields": {"tipo": 3, "categoria": 41, "valor": 51}}, {"model": "puntos.tablaelemento", "pk": 61, "fields": {"tipo": 1, "categoria": 1, "valor": 52}}, {"model": "puntos.tablaelemento", "pk": 62, "fields": {"tipo": 1, "categoria": 2, "valor": 53}}, {"model": "puntos.tablaelemento", "pk": 63, "fields": {"tipo": 1, "categoria": 3, "valor": 54}}, {"model": "puntos.tablaelemento", "pk": 64, "fields": {"tipo": 1, "categoria": 4, "valor": 55}}, {"model": "puntos.tablaelemento", "pk": 65, "fields": {"tipo": 1, "categoria": 5, "valor": 54}}, {"model": "puntos.tablaelemento", "pk": 66, "fields": {"tipo": 1, "categoria": 5, "valor": 56}}, {"model": "puntos.tablaelemento", "pk": 67, "fields": {"tipo": 1, "categoria": 5, "valor": 57}}, {"model": "puntos.tablaelemento", "pk": 68, "fields": {"tipo": 1, "categoria": 5, "valor": 58}}, {"model": "puntos.tablaelemento", "pk": 69, "fields": {"tipo": 1, "categoria": 6, "valor": 57}}, {"model": "puntos.tablaelemento", "pk": 70, "fields": {"tipo": 1, "categoria": 7, "valor": 59}}, {"model": "puntos.tablaelemento", "pk": 71, "fields": {"tipo": 1, "categoria": 8, "valor": 60}}, {"model": "puntos.tablaelemento", "pk": 72, "fields": {"tipo": 1, "categoria": 9, "valor": 61}}, {"model": "puntos.tablaelemento", "pk": 73, "fields": {"tipo": 1, "categoria": 10, "valor": 62}}, {"model": "puntos.tablaelemento", "pk": 74, "fields": {"tipo": 1, "categoria": 11, "valor": 63}}, {"model": "puntos.tablaelemento", "pk": 75, "fields": {"tipo": 1, "categoria": 12, "valor": 64}}, {"model": "puntos.tablaelemento", "pk": 76, "fields": {"tipo": 1, "categoria": 13, "valor": 65}}, {"model": "puntos.tablaelemento", "pk": 77, "fields": {"tipo": 1, "categoria": 14, "valor": 66}}, {"model": "puntos.tablaelemento", "pk": 78, "fields": {"tipo": 1, "categoria": 15, "valor": 67}}, {"model": "puntos.tablaelemento", "pk": 79, "fields": {"tipo": 1, "categoria": 16, "valor": 68}}, {"model": "puntos.tablaelemento", "pk": 80, "fields": {"tipo": 1, "categoria": 17, "valor": 69}}, {"model": "puntos.tablaelemento", "pk": 81, "fields": {"tipo": 1, "categoria": 18, "valor": 70}}, {"model": "puntos.tablaelemento", "pk": 82, "fields": {"tipo": 1, "categoria": 18, "valor": 71}}, {"model": "puntos.tablaelemento", "pk": 83, "fields": {"tipo": 1, "categoria": 19, "valor": 72}}, {"model": "puntos.tablaelemento", "pk": 84, "fields": {"tipo": 1, "categoria": 20, "valor": 73}}, {"model": "puntos.tablaelemento", "pk": 85, "fields": {"tipo": 1, "categoria": 21, "valor": 74}}, {"model": "puntos.tablaelemento", "pk": 86, "fields": {"tipo": 1, "categoria": 22, "valor": 75}}, {"model": "puntos.tablaelemento", "pk": 87, "fields": {"tipo": 1, "categoria": 23, "valor": 76}}, {"model": "puntos.tablaelemento", "pk": 88, "fields": {"tipo": 1, "categoria": 24, "valor": 77}}, {"model": "puntos.tablaelemento", "pk": 89, "fields": {"tipo": 1, "categoria": 25, "valor": 66}}, {"model": "puntos.tablaelemento", "pk": 90, "fields": {"tipo": 1, "categoria": 26, "valor": 78}}, {"model": "puntos.tablaelemento", "pk": 91, "fields": {"tipo": 1, "categoria": 27, "valor": 79}}, {"model": "puntos.tablaelemento", "pk": 92, "fields": {"tipo": 1, "categoria": 28, "valor": 80}}, {"model": "puntos.tablaelemento", "pk": 93, "fields": {"tipo": 1, "categoria": 29, "valor": 81}}, {"model": "puntos.tablaelemento", "pk": 94, "fields": {"tipo": 1, "categoria": 30, "valor": 82}}, {"model": "puntos.tablaelemento", "pk": 95, "fields": {"tipo": 1, "categoria": 31, "valor": 83}}, {"model": "puntos.tablaelemento", "pk": 96, "fields": {"tipo": 1, "categoria": 32, "valor": 84}}, {"model": "puntos.tablaelemento", "pk": 97, "fields": {"tipo": 1, "categoria": 33, "valor": 85}}, {"model": "puntos.tablaelemento", "pk": 98, "fields": {"tipo": 1, "categoria": 34, "valor": 65}}, {"model": "puntos.tablaelemento", "pk": 99, "fields": {"tipo": 1, "categoria": 35, "valor": 86}}, {"model": "puntos.tablaelemento", "pk": 100, "fields": {"tipo": 1, "categoria": 36, "valor": 87}}, {"model": "puntos.tablaelemento", "pk": 101, "fields": {"tipo": 1, "categoria": 37, "valor": 88}}, {"model": "puntos.tablaelemento", "pk": 102, "fields": {"tipo": 1, "categoria": 38, "valor": 89}}, {"model": "puntos.tablaelemento", "pk": 103, "fields": {"tipo": 1, "categoria": 38, "valor": 90}}, {"model": "puntos.tablaelemento", "pk": 104, "fields": {"tipo": 1, "categoria": 38, "valor": 91}}, {"model": "puntos.tablaelemento", "pk": 105, "fields": {"tipo": 1, "categoria": 39, "valor": 92}}, {"model": "puntos.tablaelemento", "pk": 106, "fields": {"tipo": 1, "categoria": 40, "valor": 93}}, {"model": "puntos.tablaelemento", "pk": 107, "fields": {"tipo": 1, "categoria": 41, "valor": 94}}, {"model": "puntos.tablaelemento", "pk": 108, "fields": {"tipo": 1, "categoria": 41, "valor": 95}}, {"model": "puntos.tablaelemento", "pk": 109, "fields": {"tipo": 5, "categoria": 1, "valor": 96}}, {"model": "puntos.tablaelemento", "pk": 110, "fields": {"tipo": 5, "categoria": 1, "valor": 97}}, {"model": "puntos.tablaelemento", "pk": 111, "fields": {"tipo": 5, "categoria": 2, "valor": 98}}, {"model": "puntos.tablaelemento", "pk": 112, "fields": {"tipo": 5, "categoria": 3, "valor": 97}}, {"model": "puntos.tablaelemento", "pk": 113, "fields": {"tipo": 5, "categoria": 4, "valor": 42}}, {"model": "puntos.tablaelemento", "pk": 114, "fields": {"tipo": 5, "categoria": 5, "valor": 97}}, {"model": "puntos.tablaelemento", "pk": 115, "fields": {"tipo": 5, "categoria": 5, "valor": 99}}, {"model": "puntos.tablaelemento", "pk": 116, "fields": {"tipo": 5, "categoria": 5, "valor": 100}}, {"model": "puntos.tablaelemento", "pk": 117, "fields": {"tipo": 5, "categoria": 5, "valor": 101}}, {"model": "puntos.tablaelemento", "pk": 118, "fields": {"tipo": 5, "categoria": 5, "valor": 42}}, {"model": "puntos.tablaelemento", "pk": 119, "fields": {"tipo": 5, "categoria": 5, "valor": 102}}, {"model": "puntos.tablaelemento", "pk": 120, "fields": {"tipo": 5, "categoria": 5, "valor": 103}}, {"model": "puntos.tablaelemento", "pk": 121, "fields": {"tipo": 5, "categoria": 6, "valor": 99}}, {"model": "puntos.tablaelemento", "pk": 122, "fields": {"tipo": 5, "categoria": 7, "valor": 104}}, {"model": "puntos.tablaelemento", "pk": 123, "fields": {"tipo": 5, "categoria": 8, "valor": 105}}, {"model": "puntos.tablaelemento", "pk": 124, "fields": {"tipo": 5, "categoria": 9, "valor": 106}}, {"model": "puntos.tablaelemento", "pk": 125, "fields": {"tipo": 5, "categoria": 10, "valor": 99}}, {"model": "puntos.tablaelemento", "pk": 126, "fields": {"tipo": 5, "categoria": 11, "valor": 103}}, {"model": "puntos.tablaelemento", "pk": 127, "fields": {"tipo": 5, "categoria": 11, "valor": 107}}, {"model": "puntos.tablaelemento", "pk": 128, "fields": {"tipo": 5, "categoria": 12, "valor": 108}}, {"model": "puntos.tablaelemento", "pk": 129, "fields": {"tipo": 5, "categoria": 13, "valor": 109}}, {"model": "puntos.tablaelemento", "pk": 130, "fields": {"tipo": 5, "categoria": 14, "valor": 110}}, {"model": "puntos.tablaelemento", "pk": 131, "fields": {"tipo": 5, "categoria": 15, "valor": 111}}, {"model": "puntos.tablaelemento", "pk": 132, "fields": {"tipo": 5, "categoria": 15, "valor": 112}}, {"model": "puntos.tablaelemento", "pk": 133, "fields": {"tipo": 5, "categoria": 16, "valor": 113}}, {"model": "puntos.tablaelemento", "pk": 134, "fields": {"tipo": 5, "categoria": 17, "valor": 114}}, {"model": "puntos.tablaelemento", "pk": 135, "fields": {"tipo": 5, "categoria": 17, "valor": 113}}, {"model": "puntos.tablaelemento", "pk": 136, "fields": {"tipo": 5, "categoria": 18, "valor": 115}}, {"model": "puntos.tablaelemento", "pk": 137, "fields": {"tipo": 5, "categoria": 18, "valor": 116}}, {"model": "puntos.tablaelemento", "pk": 138, "fields": {"tipo": 5, "categoria": 18, "valor": 117}}, {"model": "puntos.tablaelemento", "pk": 139, "fields": {"tipo": 5, "categoria": 19, "valor": 118}}, {"model": "puntos.tablaelemento", "pk": 140, "fields": {"tipo": 5, "categoria": 20, "valor": 119}}, {"model": "puntos.tablaelemento", "pk": 141, "fields": {"tipo": 5, "categoria": 21, "valor": 120}}, {"model": "puntos.tablaelemento", "pk": 142, "fields": {"tipo": 5, "categoria": 22, "valor": 121}}, {"model": "puntos.tablaelemento", "pk": 143, "fields": {"tipo": 5, "categoria": 23, "valor": 122}}, {"model": "puntos.tablaelemento", "pk": 144, "fields": {"tipo": 5, "categoria": 24, "valor": 123}}, {"model": "puntos.tablaelemento", "pk": 145, "fields": {"tipo": 5, "categoria": 25, "valor": 110}}, {"model": "puntos.tablaelemento", "pk": 146, "fields": {"tipo": 5, "categoria": 26, "valor": 124}}, {"model": "puntos.tablaelemento", "pk": 147, "fields": {"tipo": 5, "categoria": 27, "valor": 125}}, {"model": "puntos.tablaelemento", "pk": 148, "fields": {"tipo": 5, "categoria": 28, "valor": 126}}, {"model": "puntos.tablaelemento", "pk": 149, "fields": {"tipo": 5, "categoria": 29, "valor": 127}}, {"model": "puntos.tablaelemento", "pk": 150, "fields": {"tipo": 5, "categoria": 30, "valor": 128}}, {"model": "puntos.tablaelemento", "pk": 151, "fields": {"tipo": 5, "categoria": 31, "valor": 129}}, {"model": "puntos.tablaelemento", "pk": 152, "fields": {"tipo": 5, "categoria": 32, "valor": 130}}, {"model": "puntos.tablaelemento", "pk": 153, "fields": {"tipo": 5, "categoria": 33, "valor": 131}}, {"model": "puntos.tablaelemento", "pk": 154, "fields": {"tipo": 5, "categoria": 34, "valor": 132}}, {"model": "puntos.tablaelemento", "pk": 155, "fields": {"tipo": 5, "categoria": 35, "valor": 133}}, {"model": "puntos.tablaelemento", "pk": 156, "fields": {"tipo": 5, "categoria": 36, "valor": 134}}, {"model": "puntos.tablaelemento", "pk": 157, "fields": {"tipo": 5, "categoria": 37, "valor": 135}}, {"model": "puntos.tablaelemento", "pk": 158, "fields": {"tipo": 5, "categoria": 38, "valor": 115}}, {"model": "puntos.tablaelemento", "pk": 159, "fields": {"tipo": 5, "categoria": 39, "valor": 136}}, {"model": "puntos.tablaelemento", "pk": 160, "fields": {"tipo": 5, "categoria": 40, "valor": 137}}, {"model": "puntos.tablaelemento", "pk": 161, "fields": {"tipo": 5, "categoria": 41, "valor": 138}}, {"model": "puntos.tablaelemento", "pk": 162, "fields": {"tipo": 5, "categoria": 41, "valor": 139}}, {"model": "puntos.tablaelemento", "pk": 163, "fields": {"tipo": 4, "categoria": 1, "valor": 140}}, {"model": "puntos.tablaelemento", "pk": 164, "fields": {"tipo": 4, "categoria": 2, "valor": 141}}, {"model": "puntos.tablaelemento", "pk": 165, "fields": {"tipo": 4, "categoria": 3, "valor": 142}}, {"model": "puntos.tablaelemento", "pk": 166, "fields": {"tipo": 4, "categoria": 4, "valor": 143}}, {"model": "puntos.tablaelemento", "pk": 167, "fields": {"tipo": 4, "categoria": 5, "valor": 142}}, {"model": "puntos.tablaelemento", "pk": 168, "fields": {"tipo": 4, "categoria": 5, "valor": 144}}, {"model": "puntos.tablaelemento", "pk": 169, "fields": {"tipo": 4, "categoria": 5, "valor": 145}}, {"model": "puntos.tablaelemento", "pk": 170, "fields": {"tipo": 4, "categoria": 5, "valor": 146}}, {"model": "puntos.tablaelemento", "pk": 171, "fields": {"tipo": 4, "categoria": 5, "valor": 147}}, {"model": "puntos.tablaelemento", "pk": 172, "fields": {"tipo": 4, "categoria": 5, "valor": 148}}, {"model": "puntos.tablaelemento", "pk": 173, "fields": {"tipo": 4, "categoria": 5, "valor": 149}}, {"model": "puntos.tablaelemento", "pk": 174, "fields": {"tipo": 4, "categoria": 6, "valor": 150}}, {"model": "puntos.tablaelemento", "pk": 175, "fields": {"tipo": 4, "categoria": 7, "valor": 146}}, {"model": "puntos.tablaelemento", "pk": 176, "fields": {"tipo": 4, "categoria": 8, "valor": 151}}, {"model": "puntos.tablaelemento", "pk": 177, "fields": {"tipo": 4, "categoria": 9, "valor": 152}}, {"model": "puntos.tablaelemento", "pk": 178, "fields": {"tipo": 4, "categoria": 10, "valor": 150}}, {"model": "puntos.tablaelemento", "pk": 179, "fields": {"tipo": 4, "categoria": 11, "valor": 152}}, {"model": "puntos.tablaelemento", "pk": 180, "fields": {"tipo": 4, "categoria": 11, "valor": 61}}, {"model": "puntos.tablaelemento", "pk": 181, "fields": {"tipo": 4, "categoria": 11, "valor": 153}}, {"model": "puntos.tablaelemento", "pk": 182, "fields": {"tipo": 4, "categoria": 12, "valor": 154}}, {"model": "puntos.tablaelemento", "pk": 183, "fields": {"tipo": 4, "categoria": 13, "valor": 130}}, {"model": "puntos.tablaelemento", "pk": 184, "fields": {"tipo": 4, "categoria": 14, "valor": 155}}, {"model": "puntos.tablaelemento", "pk": 185, "fields": {"tipo": 4, "categoria": 15, "valor": 156}}, {"model": "puntos.tablaelemento", "pk": 186, "fields": {"tipo": 4, "categoria": 15, "valor": 157}}, {"model": "puntos.tablaelemento", "pk": 187, "fields": {"tipo": 4, "categoria": 15, "valor": 158}}, {"model": "puntos.tablaelemento", "pk": 188, "fields": {"tipo": 4, "categoria": 16, "valor": 159}}, {"model": "puntos.tablaelemento", "pk": 189, "fields": {"tipo": 4, "categoria": 17, "valor": 21}}, {"model": "puntos.tablaelemento", "pk": 190, "fields": {"tipo": 4, "categoria": 18, "valor": 160}}, {"model": "puntos.tablaelemento", "pk": 191, "fields": {"tipo": 4, "categoria": 18, "valor": 161}}, {"model": "puntos.tablaelemento", "pk": 192, "fields": {"tipo": 4, "categoria": 19, "valor": 162}}, {"model": "puntos.tablaelemento", "pk": 193, "fields": {"tipo": 4, "categoria": 20, "valor": 163}}, {"model": "puntos.tablaelemento", "pk": 194, "fields": {"tipo": 4, "categoria": 21, "valor": 164}}, {"model": "puntos.tablaelemento", "pk": 195, "fields": {"tipo": 4, "categoria": 22, "valor": 165}}, {"model": "puntos.tablaelemento", "pk": 196, "fields": {"tipo": 4, "categoria": 23, "valor": 166}}, {"model": "puntos.tablaelemento", "pk": 197, "fields": {"tipo": 4, "categoria": 24, "valor": 132}}, {"model": "puntos.tablaelemento", "pk": 198, "fields": {"tipo": 4, "categoria": 24, "valor": 167}}, {"model": "puntos.tablaelemento", "pk": 199, "fields": {"tipo": 4, "categoria": 25, "valor": 168}}, {"model": "puntos.tablaelemento", "pk": 200, "fields": {"tipo": 4, "categoria": 26, "valor": 169}}, {"model": "puntos.tablaelemento", "pk": 201, "fields": {"tipo": 4, "categoria": 27, "valor": 170}}, {"model": "puntos.tablaelemento", "pk": 202, "fields": {"tipo": 4, "categoria": 28, "valor": 171}}, {"model": "puntos.tablaelemento", "pk": 203, "fields": {"tipo": 4, "categoria": 29, "valor": 172}}, {"model": "puntos.tablaelemento", "pk": 204, "fields": {"tipo": 4, "categoria": 30, "valor": 173}}, {"model": "puntos.tablaelemento", "pk": 205, "fields": {"tipo": 4, "categoria": 31, "valor": 174}}, {"model": "puntos.tablaelemento", "pk": 206, "fields": {"tipo": 4, "categoria": 32, "valor": 175}}, {"model": "puntos.tablaelemento", "pk": 207, "fields": {"tipo": 4, "categoria": 33, "valor": 176}}, {"model": "puntos.tablaelemento", "pk": 208, "fields": {"tipo": 4, "categoria": 34, "valor": 177}}, {"model": "puntos.tablaelemento", "pk": 209, "fields": {"tipo": 4, "categoria": 35, "valor": 144}}, {"model": "puntos.tablaelemento", "pk": 210, "fields": {"tipo": 4, "categoria": 36, "valor": 178}}, {"model": "puntos.tablaelemento", "pk": 211, "fields": {"tipo": 4, "categoria": 36, "valor": 179}}, {"model": "puntos.tablaelemento", "pk": 212, "fields": {"tipo": 4, "categoria": 37, "valor": 180}}, {"model": "puntos.tablaelemento", "pk": 213, "fields": {"tipo": 4, "categoria": 38, "valor": 181}}, {"model": "puntos.tablaelemento", "pk": 214, "fields": {"tipo": 4, "categoria": 38, "valor": 182}}, {"model": "puntos.tablaelemento", "pk": 215, "fields": {"tipo": 4, "categoria": 38, "valor": 183}}, {"model": "puntos.tablaelemento", "pk": 216, "fields": {"tipo": 4, "categoria": 39, "valor": 184}}, {"model": "puntos.tablaelemento", "pk": 217, "fields": {"tipo": 4, "categoria": 40, "valor": 185}}, {"model": "puntos.tablaelemento", "pk": 218, "fields": {"tipo": 4, "categoria": 41, "valor": 186}}, {"model": "puntos.tablaelemento", "pk": 219, "fields": {"tipo": 6, "categoria": 1, "valor": 187}}, {"model": "puntos.tablaelemento", "pk": 220, "fields": {"tipo": 6, "categoria": 2, "valor": 188}}, {"model": "puntos.tablaelemento", "pk": 221, "fields": {"tipo": 6, "categoria": 3, "valor": 189}}, {"model": "puntos.tablaelemento", "pk": 222, "fields": {"tipo": 6, "categoria": 4, "valor": 190}}, {"model": "puntos.tablaelemento", "pk": 223, "fields": {"tipo": 6, "categoria": 5, "valor": 191}}, {"model": "puntos.tablaelemento", "pk": 224, "fields": {"tipo": 6, "categoria": 6, "valor": 192}}, {"model": "puntos.tablaelemento", "pk": 225, "fields": {"tipo": 6, "categoria": 7, "valor": 193}}, {"model": "puntos.tablaelemento", "pk": 226, "fields": {"tipo": 6, "categoria": 8, "valor": 194}}, {"model": "puntos.tablaelemento", "pk": 227, "fields": {"tipo": 6, "categoria": 9, "valor": 195}}, {"model": "puntos.tablaelemento", "pk": 228, "fields": {"tipo": 6, "categoria": 10, "valor": 196}}, {"model": "puntos.tablaelemento", "pk": 229, "fields": {"tipo": 6, "categoria": 11, "valor": 197}}, {"model": "puntos.tablaelemento", "pk": 230, "fields": {"tipo": 6, "categoria": 12, "valor": 198}}, {"model": "puntos.tablaelemento", "pk": 231, "fields": {"tipo": 6, "categoria": 13, "valor": 199}}, {"model": "puntos.tablaelemento", "pk": 232, "fields": {"tipo": 6, "categoria": 14, "valor": 200}}, {"model": "puntos.tablaelemento", "pk": 233, "fields": {"tipo": 6, "categoria": 15, "valor": 201}}, {"model": "puntos.tablaelemento", "pk": 234, "fields": {"tipo": 6, "categoria": 16, "valor": 202}}, {"model": "puntos.tablaelemento", "pk": 235, "fields": {"tipo": 6, "categoria": 17, "valor": 202}}, {"model": "puntos.tablaelemento", "pk": 236, "fields": {"tipo": 6, "categoria": 18, "valor": 203}}, {"model": "puntos.tablaelemento", "pk": 237, "fields": {"tipo": 6, "categoria": 19, "valor": 204}}, {"model": "puntos.tablaelemento", "pk": 238, "fields": {"tipo": 6, "categoria": 20, "valor": 205}}, {"model": "puntos.tablaelemento", "pk": 239, "fields": {"tipo": 6, "categoria": 21, "valor": 206}}, {"model": "puntos.tablaelemento", "pk": 240, "fields": {"tipo": 6, "categoria": 21, "valor": 207}}, {"model": "puntos.tablaelemento", "pk": 241, "fields": {"tipo": 6, "categoria": 21, "valor": 208}}, {"model": "puntos.tablaelemento", "pk": 242, "fields": {"tipo": 6, "categoria": 22, "valor": 209}}, {"model": "puntos.tablaelemento", "pk": 243, "fields": {"tipo": 6, "categoria": 23, "valor": 210}}, {"model": "puntos.tablaelemento", "pk": 244, "fields": {"tipo": 6, "categoria": 24, "valor": 211}}, {"model": "puntos.tablaelemento", "pk": 245, "fields": {"tipo": 6, "categoria": 25, "valor": 212}}, {"model": "puntos.tablaelemento", "pk": 246, "fields": {"tipo": 6, "categoria": 26, "valor": 213}}, {"model": "puntos.tablaelemento", "pk": 247, "fields": {"tipo": 6, "categoria": 27, "valor": 214}}, {"model": "puntos.tablaelemento", "pk": 248, "fields": {"tipo": 6, "categoria": 28, "valor": 215}}, {"model": "puntos.tablaelemento", "pk": 249, "fields": {"tipo": 6, "categoria": 29, "valor": 216}}, {"model": "puntos.tablaelemento", "pk": 250, "fields": {"tipo": 6, "categoria": 30, "valor": 217}}, {"model": "puntos.tablaelemento", "pk": 251, "fields": {"tipo": 6, "categoria": 31, "valor": 218}}, {"model": "puntos.tablaelemento", "pk": 252, "fields": {"tipo": 6, "categoria": 32, "valor": 219}}, {"model": "puntos.tablaelemento", "pk": 253, "fields": {"tipo": 6, "categoria": 33, "valor": 220}}, {"model": "puntos.tablaelemento", "pk": 254, "fields": {"tipo": 6, "categoria": 34, "valor": 211}}, {"model": "puntos.tablaelemento", "pk": 255, "fields": {"tipo": 6, "categoria": 35, "valor": 221}}, {"model": "puntos.tablaelemento", "pk": 256, "fields": {"tipo": 6, "categoria": 36, "valor": 222}}, {"model": "puntos.tablaelemento", "pk": 257, "fields": {"tipo": 6, "categoria": 37, "valor": 223}}, {"model": "puntos.tablaelemento", "pk": 258, "fields": {"tipo": 6, "categoria": 37, "valor": 224}}, {"model": "puntos.tablaelemento", "pk": 259, "fields": {"tipo": 6, "categoria": 38, "valor": 203}}, {"model": "puntos.tablaelemento", "pk": 260, "fields": {"tipo": 6, "categoria": 38, "valor": 225}}, {"model": "puntos.tablaelemento", "pk": 261, "fields": {"tipo": 6, "categoria": 39, "valor": 226}}, {"model": "puntos.tablaelemento", "pk": 262, "fields": {"tipo": 6, "categoria": 39, "valor": 227}}, {"model": "puntos.tablaelemento", "pk": 263, "fields": {"tipo": 6, "categoria": 39, "valor": 228}}, {"model": "puntos.tablaelemento", "pk": 264, "fields": {"tipo": 6, "categoria": 40, "valor": 229}}, {"model": "puntos.tablaelemento", "pk": 265, "fields": {"tipo": 6, "categoria": 41, "valor": 230}}, {"model": "puntos.tablaelemento", "pk": 266, "fields": {"tipo": 2, "categoria": 1, "valor": 231}}, {"model": "puntos.tablaelemento", "pk": 267, "fields": {"tipo": 2, "categoria": 2, "valor": 232}}, {"model": "puntos.tablaelemento", "pk": 268, "fields": {"tipo": 2, "categoria": 3, "valor": 233}}, {"model": "puntos.tablaelemento", "pk": 269, "fields": {"tipo": 2, "categoria": 4, "valor": 234}}, {"model": "puntos.tablaelemento", "pk": 270, "fields": {"tipo": 2, "categoria": 5, "valor": 235}}, {"model": "puntos.tablaelemento", "pk": 271, "fields": {"tipo": 2, "categoria": 5, "valor": 236}}, {"model": "puntos.tablaelemento", "pk": 272, "fields": {"tipo": 2, "categoria": 5, "valor": 237}}, {"model": "puntos.tablaelemento", "pk": 273, "fields": {"tipo": 2, "categoria": 5, "valor": 238}}, {"model": "puntos.tablaelemento", "pk": 274, "fields": {"tipo": 2, "categoria": 5, "valor": 239}}, {"model": "puntos.tablaelemento", "pk": 275, "fields": {"tipo": 2, "categoria": 5, "valor": 240}}, {"model": "puntos.tablaelemento", "pk": 276, "fields": {"tipo": 2, "categoria": 5, "valor": 241}}, {"model": "puntos.tablaelemento", "pk": 277, "fields": {"tipo": 2, "categoria": 5, "valor": 242}}, {"model": "puntos.tablaelemento", "pk": 278, "fields": {"tipo": 2, "categoria": 5, "valor": 243}}, {"model": "puntos.tablaelemento", "pk": 279, "fields": {"tipo": 2, "categoria": 5, "valor": 244}}, {"model": "puntos.tablaelemento", "pk": 280, "fields": {"tipo": 2, "categoria": 5, "valor": 245}}, {"model": "puntos.tablaelemento", "pk": 281, "fields": {"tipo": 2, "categoria": 5, "valor": 246}}, {"model": "puntos.tablaelemento", "pk": 282, "fields": {"tipo": 2, "categoria": 5, "valor": 247}}, {"model": "puntos.tablaelemento", "pk": 283, "fields": {"tipo": 2, "categoria": 5, "valor": 248}}, {"model": "puntos.tablaelemento", "pk": 284, "fields": {"tipo": 2, "categoria": 6, "valor": 249}}, {"model": "puntos.tablaelemento", "pk": 285, "fields": {"tipo": 2, "categoria": 7, "valor": 250}}, {"model": "puntos.tablaelemento", "pk": 286, "fields": {"tipo": 2, "categoria": 8, "valor": 251}}, {"model": "puntos.tablaelemento", "pk": 287, "fields": {"tipo": 2, "categoria": 9, "valor": 252}}, {"model": "puntos.tablaelemento", "pk": 288, "fields": {"tipo": 2, "categoria": 9, "valor": 253}}, {"model": "puntos.tablaelemento", "pk": 289, "fields": {"tipo": 2, "categoria": 10, "valor": 254}}, {"model": "puntos.tablaelemento", "pk": 290, "fields": {"tipo": 2, "categoria": 10, "valor": 255}}, {"model": "puntos.tablaelemento", "pk": 291, "fields": {"tipo": 2, "categoria": 11, "valor": 256}}, {"model": "puntos.tablaelemento", "pk": 292, "fields": {"tipo": 2, "categoria": 12, "valor": 257}}, {"model": "puntos.tablaelemento", "pk": 293, "fields": {"tipo": 2, "categoria": 13, "valor": 258}}, {"model": "puntos.tablaelemento", "pk": 294, "fields": {"tipo": 2, "categoria": 14, "valor": 259}}, {"model": "puntos.tablaelemento", "pk": 295, "fields": {"tipo": 2, "categoria": 15, "valor": 260}}, {"model": "puntos.tablaelemento", "pk": 296, "fields": {"tipo": 2, "categoria": 15, "valor": 261}}, {"model": "puntos.tablaelemento", "pk": 297, "fields": {"tipo": 2, "categoria": 16, "valor": 262}}, {"model": "puntos.tablaelemento", "pk": 298, "fields": {"tipo": 2, "categoria": 16, "valor": 263}}, {"model": "puntos.tablaelemento", "pk": 299, "fields": {"tipo": 2, "categoria": 17, "valor": 264}}, {"model": "puntos.tablaelemento", "pk": 300, "fields": {"tipo": 2, "categoria": 17, "valor": 265}}, {"model": "puntos.tablaelemento", "pk": 301, "fields": {"tipo": 2, "categoria": 18, "valor": 266}}, {"model": "puntos.tablaelemento", "pk": 302, "fields": {"tipo": 2, "categoria": 19, "valor": 249}}, {"model": "puntos.tablaelemento", "pk": 303, "fields": {"tipo": 2, "categoria": 20, "valor": 267}}, {"model": "puntos.tablaelemento", "pk": 304, "fields": {"tipo": 2, "categoria": 21, "valor": 268}}, {"model": "puntos.tablaelemento", "pk": 305, "fields": {"tipo": 2, "categoria": 22, "valor": 269}}, {"model": "puntos.tablaelemento", "pk": 306, "fields": {"tipo": 2, "categoria": 23, "valor": 270}}, {"model": "puntos.tablaelemento", "pk": 307, "fields": {"tipo": 2, "categoria": 24, "valor": 271}}, {"model": "puntos.tablaelemento", "pk": 308, "fields": {"tipo": 2, "categoria": 25, "valor": 259}}, {"model": "puntos.tablaelemento", "pk": 309, "fields": {"tipo": 2, "categoria": 26, "valor": 272}}, {"model": "puntos.tablaelemento", "pk": 310, "fields": {"tipo": 2, "categoria": 27, "valor": 273}}, {"model": "puntos.tablaelemento", "pk": 311, "fields": {"tipo": 2, "categoria": 28, "valor": 274}}, {"model": "puntos.tablaelemento", "pk": 312, "fields": {"tipo": 2, "categoria": 29, "valor": 275}}, {"model": "puntos.tablaelemento", "pk": 313, "fields": {"tipo": 2, "categoria": 30, "valor": 276}}, {"model": "puntos.tablaelemento", "pk": 314, "fields": {"tipo": 2, "categoria": 31, "valor": 277}}, {"model": "puntos.tablaelemento", "pk": 315, "fields": {"tipo": 2, "categoria": 32, "valor": 278}}, {"model": "puntos.tablaelemento", "pk": 316, "fields": {"tipo": 2, "categoria": 33, "valor": 279}}, {"model": "puntos.tablaelemento", "pk": 317, "fields": {"tipo": 2, "categoria": 34, "valor": 280}}, {"model": "puntos.tablaelemento", "pk": 318, "fields": {"tipo": 2, "categoria": 35, "valor": 234}}, {"model": "puntos.tablaelemento", "pk": 319, "fields": {"tipo": 2, "categoria": 36, "valor": 281}}, {"model": "puntos.tablaelemento", "pk": 320, "fields": {"tipo": 2, "categoria": 37, "valor": 282}}, {"model": "puntos.tablaelemento", "pk": 321, "fields": {"tipo": 2, "categoria": 38, "valor": 89}}, {"model": "puntos.tablaelemento", "pk": 322, "fields": {"tipo": 2, "categoria": 38, "valor": 283}}, {"model": "puntos.tablaelemento", "pk": 323, "fields": {"tipo": 2, "categoria": 38, "valor": 284}}, {"model": "puntos.tablaelemento", "pk": 324, "fields": {"tipo": 2, "categoria": 39, "valor": 220}}, {"model": "puntos.tablaelemento", "pk": 325, "fields": {"tipo": 2, "categoria": 40, "valor": 285}}, {"model": "puntos.tablaelemento", "pk": 326, "fields": {"tipo": 2, "categoria": 41, "valor": 255}}, {"model": "puntos.tablaelemento", "pk": 327, "fields": {"tipo": 2, "categoria": 41, "valor": 286}}]